Country Name,Country Code,Series Name,Series Code,2012 [YR2012],2013 [YR2013],2015 [YR2015],2016 [YR2016],2017 [YR2017],2018 [YR2018],2020 [YR2020],2021 [YR2021],2022 [YR2022],2023 [YR2023],2024 [YR2024]
Afghanistan,AFG,CPIA economic management cluster average (1=low to 6=high),IQ.CPA.ECON.XQ,3,3,3,3,3,3,3,..,1.333333,1.166667,1.333333
Afghanistan,AFG,CPIA policies for social inclusion/equity cluster average (1=low to 6=high),IQ.CPA.SOCI.XQ,2.7,2.6,2.6,2.6,2.6,2.6,2.7,..,1.7,1.7,1.6
Afghanistan,AFG,CPIA public sector management and institutions cluster average (1=low to 6=high),IQ.CPA.PUBS.XQ,2.5,2.5,2.5,2.6,2.6,2.6,2.6,..,1.7,1.6,1.7
Afghanistan,AFG,CPIA structural policies cluster average (1=low to 6=high),IQ.CPA.STRC.XQ,2.5,2.5,2.66667,2.66667,2.5,2.5,2.33333333333333,..,2.166667,2.166667,2.166667
Afghanistan,AFG,IDA resource allocation index (1=low to 6=high),IQ.CPA.IRAI.XQ,2.675,2.65,2.69167,2.71667,2.675,2.675,2.65833333333333,..,1.725,1.658333,1.7
Angola,AGO,CPIA economic management cluster average (1=low to 6=high),IQ.CPA.ECON.XQ,3,3,..,..,..,..,..,..,..,..,..
Angola,AGO,CPIA policies for social inclusion/equity cluster average (1=low to 6=high),IQ.CPA.SOCI.XQ,2.7,2.7,..,..,..,..,..,..,..,..,..
Angola,AGO,CPIA public sector management and institutions cluster average (1=low to 6=high),IQ.CPA.PUBS.XQ,2.3,2.3,..,..,..,..,..,..,..,..,..
Angola,AGO,CPIA structural policies cluster average (1=low to 6=high),IQ.CPA.STRC.XQ,2.66666666666667,2.66666666666667,..,..,..,..,..,..,..,..,..
Angola,AGO,IDA resource allocation index (1=low to 6=high),IQ.CPA.IRAI.XQ,2.66666666666667,2.66666666666667,..,..,..,..,..,..,..,..,..
Armenia,ARM,CPIA economic management cluster average (1=low to 6=high),IQ.CPA.ECON.XQ,4.66666666666667,4.5,..,..,..,..,..,..,..,..,..
Armenia,ARM,CPIA policies for social inclusion/equity cluster average (1=low to 6=high),IQ.CPA.SOCI.XQ,4,4,..,..,..,..,..,..,..,..,..
Armenia,ARM,CPIA public sector management and institutions cluster average (1=low to 6=high),IQ.CPA.PUBS.XQ,3.7,3.7,..,..,..,..,..,..,..,..,..
Armenia,ARM,CPIA structural policies cluster average (1=low to 6=high),IQ.CPA.STRC.XQ,4.16666666666667,4.33333333333333,..,..,..,..,..,..,..,..,..
Armenia,ARM,IDA resource allocation index (1=low to 6=high),IQ.CPA.IRAI.XQ,4.13333333333333,4.13333333333333,..,..,..,..,..,..,..,..,..
Bangladesh,BGD,CPIA economic management cluster average (1=low to 6=high),IQ.CPA.ECON.XQ,3.5,3.5,3.83333,3.83333,3.83333333333333,3.66666666666667,3.66666666666667,3.666667,3.5,3.333333,3.5
Bangladesh,BGD,CPIA policies for social inclusion/equity cluster average (1=low to 6=high),IQ.CPA.SOCI.XQ,3.4,3.5,3.5,3.5,3.4,3.4,3.3,3.4,3.4,3.6,3.5
Bangladesh,BGD,CPIA public sector management and institutions cluster average (1=low to 6=high),IQ.CPA.PUBS.XQ,2.9,2.9,2.9,2.8,2.7,2.7,2.5,2.5,2.5,2.7,2.6
Bangladesh,BGD,CPIA structural policies cluster average (1=low to 6=high),IQ.CPA.STRC.XQ,3.33333333333333,3.16666666666667,3,3,3,3,2.83333333333333,2.833333,2.833333,2.833333,2.833333
Bangladesh,BGD,IDA resource allocation index (1=low to 6=high),IQ.CPA.IRAI.XQ,3.28333333333333,3.26666666666667,3.30833,3.28333,3.23333333333333,3.19166666666667,3.075,3.1,3.058333,3.116667,3.108333
Belize,BLZ,CPIA economic management cluster average (1=low to 6=high),IQ.CPA.ECON.XQ,..,..,..,..,..,..,..,..,..,..,2.833333
Belize,BLZ,CPIA policies for social inclusion/equity cluster average (1=low to 6=high),IQ.CPA.SOCI.XQ,..,..,..,..,..,..,..,..,..,..,3.6
Belize,BLZ,CPIA public sector management and institutions cluster average (1=low to 6=high),IQ.CPA.PUBS.XQ,..,..,..,..,..,..,..,..,..,..,3
Belize,BLZ,CPIA structural policies cluster average (1=low to 6=high),IQ.CPA.STRC.XQ,..,..,..,..,..,..,..,..,..,..,3.333333
Belize,BLZ,IDA resource allocation index (1=low to 6=high),IQ.CPA.IRAI.XQ,..,..,..,..,..,..,..,..,..,..,3.191667
Benin,BEN,CPIA economic management cluster average (1=low to 6=high),IQ.CPA.ECON.XQ,3.66666666666667,3.83333333333333,3.83333,3.66666666666667,3.83333333333333,3.83333333333333,4.16666666666667,4.166667,4.166667,4.166667,4.166667
Benin,BEN,CPIA policies for social inclusion/equity cluster average (1=low to 6=high),IQ.CPA.SOCI.XQ,3.4,3.4,3.4,3.4,3.4,3.5,3.5,3.6,3.7,3.9,4
Benin,BEN,CPIA public sector management and institutions cluster average (1=low to 6=high),IQ.CPA.PUBS.XQ,3.3,3.3,3.3,3.3,3.3,3.3,3.4,3.5,3.6,3.7,3.7
Benin,BEN,CPIA structural policies cluster average (1=low to 6=high),IQ.CPA.STRC.XQ,3.5,3.5,3.5,3.16666666666667,3.33333333333333,3.33333333333333,3.5,3.666667,3.666667,3.833333,3.833333
Benin,BEN,IDA resource allocation index (1=low to 6=high),IQ.CPA.IRAI.XQ,3.46666666666667,3.50833333333333,3.50833,3.38333333333333,3.46666666666667,3.49166666666667,3.64166666666667,3.733333,3.783333,3.9,3.925
Bhutan,BTN,CPIA economic management cluster average (1=low to 6=high),IQ.CPA.ECON.XQ,3.66666666666667,3.66666666666667,3.83333,3.83333,4.16666666666667,4.16666666666667,4.16666666666667,4.333333,4,3.666667,3.666667
Bhutan,BTN,CPIA policies for social inclusion/equity cluster average (1=low to 6=high),IQ.CPA.SOCI.XQ,4,4,4,4,4,4,4,4,4,4,4.1
Bhutan,BTN,CPIA public sector management and institutions cluster average (1=low to 6=high),IQ.CPA.PUBS.XQ,3.9,3.9,3.8,3.9,3.9,4.1,4,4,4,4,4
Bhutan,BTN,CPIA structural policies cluster average (1=low to 6=high),IQ.CPA.STRC.XQ,3.16666666666667,3.16666666666667,3.16667,3.33333,3.33333333333333,3.33333333333333,3.33333333333333,3.333333,3.333333,3.333333,3.333333
Bhutan,BTN,IDA resource allocation index (1=low to 6=high),IQ.CPA.IRAI.XQ,3.68333333333333,3.68333333333333,3.7,3.76667,3.85,3.9,3.875,3.916667,3.833333,3.75,3.775
Bolivia,BOL,CPIA economic management cluster average (1=low to 6=high),IQ.CPA.ECON.XQ,4,4,3.66667,..,..,..,..,..,..,..,..
Bolivia,BOL,CPIA policies for social inclusion/equity cluster average (1=low to 6=high),IQ.CPA.SOCI.XQ,3.8,3.7,3.7,..,..,..,..,..,..,..,..
Bolivia,BOL,CPIA public sector management and institutions cluster average (1=low to 6=high),IQ.CPA.PUBS.XQ,3.2,3.2,3.1,..,..,..,..,..,..,..,..
Bolivia,BOL,CPIA structural policies cluster average (1=low to 6=high),IQ.CPA.STRC.XQ,3.5,3.33333333333333,3.33333,..,..,..,..,..,..,..,..
Bolivia,BOL,IDA resource allocation index (1=low to 6=high),IQ.CPA.IRAI.XQ,3.625,3.55833333333333,3.45,..,..,..,..,..,..,..,..
Bosnia and Herzegovina,BIH,CPIA economic management cluster average (1=low to 6=high),IQ.CPA.ECON.XQ,3.83333333333333,3.83333333333333,..,..,..,..,..,..,..,..,..
Bosnia and Herzegovina,BIH,CPIA policies for social inclusion/equity cluster average (1=low to 6=high),IQ.CPA.SOCI.XQ,3.6,3.6,..,..,..,..,..,..,..,..,..
Bosnia and Herzegovina,BIH,CPIA public sector management and institutions cluster average (1=low to 6=high),IQ.CPA.PUBS.XQ,3.3,3.3,..,..,..,..,..,..,..,..,..
Bosnia and Herzegovina,BIH,CPIA structural policies cluster average (1=low to 6=high),IQ.CPA.STRC.XQ,3.83333333333333,3.66666666666667,..,..,..,..,..,..,..,..,..
Bosnia and Herzegovina,BIH,IDA resource allocation index (1=low to 6=high),IQ.CPA.IRAI.XQ,3.64166666666667,3.6,..,..,..,..,..,..,..,..,..
Burkina Faso,BFA,CPIA economic management cluster average (1=low to 6=high),IQ.CPA.ECON.XQ,4.16666666666667,4.16666666666667,3.83333333333333,3.83333333333333,3.66666666666667,3.66666666666667,3.66666666666667,3.5,3.5,3.5,3.666667
Burkina Faso,BFA,CPIA policies for social inclusion/equity cluster average (1=low to 6=high),IQ.CPA.SOCI.XQ,3.7,3.7,3.6,3.7,3.7,3.7,3.6,3.6,3.6,3.5,3.5
Burkina Faso,BFA,CPIA public sector management and institutions cluster average (1=low to 6=high),IQ.CPA.PUBS.XQ,3.7,3.7,3.5,3.5,3.4,3.4,3.4,3.4,3.2,3.2,3.1
Burkina Faso,BFA,CPIA structural policies cluster average (1=low to 6=high),IQ.CPA.STRC.XQ,3.5,3.5,3.5,3.5,3.5,3.5,3.5,3.5,3.5,3.5,3.333333
Burkina Faso,BFA,IDA resource allocation index (1=low to 6=high),IQ.CPA.IRAI.XQ,3.76666666666667,3.76666666666667,3.60833333333333,3.63333333333333,3.56666666666667,3.56666666666667,3.54166666666667,3.5,3.45,3.425,3.4
Burundi,BDI,CPIA economic management cluster average (1=low to 6=high),IQ.CPA.ECON.XQ,3.33333333333333,3.33333333333333,2.83333333333333,2.66666666666667,2.66666666666667,2.66666666666667,2.66666666666667,2.666667,2.666667,2.833333,3
Burundi,BDI,CPIA policies for social inclusion/equity cluster average (1=low to 6=high),IQ.CPA.SOCI.XQ,3.6,3.6,3.6,3.5,3.5,3.5,3.6,3.6,3.7,3.7,3.7
Burundi,BDI,CPIA public sector management and institutions cluster average (1=low to 6=high),IQ.CPA.PUBS.XQ,2.7,2.7,2.5,2.4,2.3,2.3,2.3,2.3,2.5,2.4,2.4
Burundi,BDI,CPIA structural policies cluster average (1=low to 6=high),IQ.CPA.STRC.XQ,3.33333333333333,3.33333333333333,3.33333333333333,3.33333333333333,3.16666666666667,3.16666666666667,3.16666666666667,3.166667,3.166667,3.333333,3.166667
Burundi,BDI,IDA resource allocation index (1=low to 6=high),IQ.CPA.IRAI.XQ,3.24166666666667,3.24166666666667,3.06666666666667,2.975,2.90833333333333,2.90833333333333,2.93333333333333,2.933333,3.008333,3.066667,3.066667
Cabo Verde,CPV,CPIA economic management cluster average (1=low to 6=high),IQ.CPA.ECON.XQ,3.66666666666667,3.66666666666667,3.66667,3.5,3.33333333333333,3.33333333333333,3.33333333333333,3.333333,3.5,3.5,3.5
Cabo Verde,CPV,CPIA policies for social inclusion/equity cluster average (1=low to 6=high),IQ.CPA.SOCI.XQ,4,4,3.8,3.8,3.9,3.9,3.9,3.9,4,4,4
Cabo Verde,CPV,CPIA public sector management and institutions cluster average (1=low to 6=high),IQ.CPA.PUBS.XQ,4,4.1,4,3.8,3.9,4,4.1,4.1,4,4,4
Cabo Verde,CPV,CPIA structural policies cluster average (1=low to 6=high),IQ.CPA.STRC.XQ,4,4,3.83333,3.83333333333333,3.83333333333333,3.83333333333333,3.83333333333333,4,4,4,4
Cabo Verde,CPV,IDA resource allocation index (1=low to 6=high),IQ.CPA.IRAI.XQ,3.91666666666667,3.94166666666667,3.825,3.73333333333333,3.74166666666667,3.76666666666667,3.79166666666667,3.833333,3.875,3.875,3.875
Cambodia,KHM,CPIA economic management cluster average (1=low to 6=high),IQ.CPA.ECON.XQ,3.83333333333333,3.83333333333333,4,4,4,4.16666666666667,4.16666666666667,4.166667,4.166667,4.166667,4
Cambodia,KHM,CPIA policies for social inclusion/equity cluster average (1=low to 6=high),IQ.CPA.SOCI.XQ,3.5,3.4,3.4,3.4,3.4,3.4,3.5,3.6,3.8,3.8,3.8
Cambodia,KHM,CPIA public sector management and institutions cluster average (1=low to 6=high),IQ.CPA.PUBS.XQ,2.8,2.8,2.7,2.7,2.7,2.6,2.7,2.8,2.8,2.8,2.9
Cambodia,KHM,CPIA structural policies cluster average (1=low to 6=high),IQ.CPA.STRC.XQ,3.66666666666667,3.66666666666667,3.5,3.5,3.33333333333333,3.33333333333333,3.33333333333333,3.5,3.5,3.5,3.5
Cambodia,KHM,IDA resource allocation index (1=low to 6=high),IQ.CPA.IRAI.XQ,3.45,3.425,3.4,3.4,3.35833333333333,3.375,3.425,3.516667,3.566667,3.566667,3.55
Cameroon,CMR,CPIA economic management cluster average (1=low to 6=high),IQ.CPA.ECON.XQ,3.83333333333333,3.83333333333333,3.5,3.5,3.66666666666667,3.66666666666667,3.66666666666667,3.666667,3.666667,3.666667,3.833333
Cameroon,CMR,CPIA policies for social inclusion/equity cluster average (1=low to 6=high),IQ.CPA.SOCI.XQ,3,3,3,3.1,3.1,3.2,3.2,3.2,3.2,3.3,3.3
Cameroon,CMR,CPIA public sector management and institutions cluster average (1=low to 6=high),IQ.CPA.PUBS.XQ,2.9,2.9,2.9,3,3,3,3.1,3,3,3,3
Cameroon,CMR,CPIA structural policies cluster average (1=low to 6=high),IQ.CPA.STRC.XQ,3.16666666666667,3.16666666666667,3.16667,3.16666666666667,3.33333333333333,3.33333333333333,3.33333333333333,3.166667,3.333333,3.333333,3.333333
Cameroon,CMR,IDA resource allocation index (1=low to 6=high),IQ.CPA.IRAI.XQ,3.225,3.225,3.14167,3.19166666666667,3.275,3.3,3.325,3.258333,3.3,3.325,3.366667
Central African Republic,CAF,CPIA economic management cluster average (1=low to 6=high),IQ.CPA.ECON.XQ,3.33333333333333,3,3,2.83333333333333,2.83333333333333,3,3,3.166667,3.166667,3.166667,3
Central African Republic,CAF,CPIA policies for social inclusion/equity cluster average (1=low to 6=high),IQ.CPA.SOCI.XQ,2.6,2.3,2.3,2.3,2.3,2.4,2.3,2.3,2.3,2.3,2.5
Central African Republic,CAF,CPIA public sector management and institutions cluster average (1=low to 6=high),IQ.CPA.PUBS.XQ,2.4,2.2,2.2,2.2,2.3,2.4,2.4,2.4,2.4,2.4,2.4
Central African Republic,CAF,CPIA structural policies cluster average (1=low to 6=high),IQ.CPA.STRC.XQ,2.5,2.5,2.33333,2.33333333333333,2.5,2.5,2.5,2.5,2.5,2.5,2.5
Central African Republic,CAF,IDA resource allocation index (1=low to 6=high),IQ.CPA.IRAI.XQ,2.70833333333333,2.5,2.45833,2.41666666666667,2.48333333333333,2.575,2.55,2.591667,2.591667,2.591667,2.6
Chad,TCD,CPIA economic management cluster average (1=low to 6=high),IQ.CPA.ECON.XQ,2.66666666666667,2.83333333333333,3.16667,3,2.66666666666667,2.83333333333333,3,3,3.166667,3.166667,3.166667
Chad,TCD,CPIA policies for social inclusion/equity cluster average (1=low to 6=high),IQ.CPA.SOCI.XQ,2.5,2.5,2.6,2.6,2.6,2.8,3,3,2.9,2.9,3.1
Chad,TCD,CPIA public sector management and institutions cluster average (1=low to 6=high),IQ.CPA.PUBS.XQ,2.2,2.4,2.7,2.7,2.7,2.6,2.6,2.5,2.5,2.4,2.4
Chad,TCD,CPIA structural policies cluster average (1=low to 6=high),IQ.CPA.STRC.XQ,2.66666666666667,2.66666666666667,2.66667,2.66666666666667,2.66666666666667,2.66666666666667,2.5,2.5,2.333333,2.333333,2.333333
Chad,TCD,IDA resource allocation index (1=low to 6=high),IQ.CPA.IRAI.XQ,2.50833333333333,2.6,2.78334,2.74166666666667,2.65833333333333,2.725,2.775,2.75,2.725,2.7,2.75
Comoros,COM,CPIA economic management cluster average (1=low to 6=high),IQ.CPA.ECON.XQ,2.83333333333333,2.83333333333333,2.83333,2.83333333333333,2.83333333333333,2.83333333333333,2.83333333333333,2.666667,2.666667,2.666667,2.666667
Comoros,COM,CPIA policies for social inclusion/equity cluster average (1=low to 6=high),IQ.CPA.SOCI.XQ,2.8,2.8,2.9,2.9,2.8,2.8,2.8,2.9,2.9,2.9,2.9
Comoros,COM,CPIA public sector management and institutions cluster average (1=low to 6=high),IQ.CPA.PUBS.XQ,2.5,2.4,2.6,2.7,2.6,2.6,2.4,2.2,2.1,2.1,2.2
Comoros,COM,CPIA structural policies cluster average (1=low to 6=high),IQ.CPA.STRC.XQ,3,3,3,3,3,3,2.83333333333333,2.833333,2.833333,3,3
Comoros,COM,IDA resource allocation index (1=low to 6=high),IQ.CPA.IRAI.XQ,2.78333333333333,2.75833333333333,2.83333,2.85833333333333,2.80833333333333,2.80833333333333,2.71666666666667,2.65,2.625,2.666667,2.691667
"Congo, Dem. Rep.",COD,CPIA economic management cluster average (1=low to 6=high),IQ.CPA.ECON.XQ,3.16666666666667,3.33333333333333,3.5,3.16666666666667,2.83333333333333,3.16666666666667,3.16666666666667,3.333333,3.833333,3.833333,3.666667
"Congo, Dem. Rep.",COD,CPIA policies for social inclusion/equity cluster average (1=low to 6=high),IQ.CPA.SOCI.XQ,2.8,2.8,3,3,3,3.1,3.2,3.2,3.2,3.1,3.1
"Congo, Dem. Rep.",COD,CPIA public sector management and institutions cluster average (1=low to 6=high),IQ.CPA.PUBS.XQ,2.2,2.4,2.5,2.5,2.5,2.5,2.5,2.5,2.5,2.6,2.6
"Congo, Dem. Rep.",COD,CPIA structural policies cluster average (1=low to 6=high),IQ.CPA.STRC.XQ,2.66666666666667,3,3,3,3,3,3,3,3,3.166667,3.166667
"Congo, Dem. Rep.",COD,IDA resource allocation index (1=low to 6=high),IQ.CPA.IRAI.XQ,2.70833333333333,2.88333333333333,3,2.91666666666667,2.83333333333333,2.94166666666667,2.96666666666667,3.008333,3.133333,3.175,3.133333
"Congo, Rep.",COG,CPIA economic management cluster average (1=low to 6=high),IQ.CPA.ECON.XQ,3.5,3.66666666666667,3.5,3,2.66666666666667,2.66666666666667,2.66666666666667,2.833333,3,3,3
"Congo, Rep.",COG,CPIA policies for social inclusion/equity cluster average (1=low to 6=high),IQ.CPA.SOCI.XQ,3,3,3,2.9,2.8,2.8,2.9,2.9,3,3,3
"Congo, Rep.",COG,CPIA public sector management and institutions cluster average (1=low to 6=high),IQ.CPA.PUBS.XQ,2.5,2.5,2.5,2.5,2.5,2.5,2.5,2.5,2.7,2.8,2.8
"Congo, Rep.",COG,CPIA structural policies cluster average (1=low to 6=high),IQ.CPA.STRC.XQ,3,3,3,3,2.83333333333333,2.83333333333333,2.66666666666667,2.666667,2.666667,2.666667,2.666667
"Congo, Rep.",COG,IDA resource allocation index (1=low to 6=high),IQ.CPA.IRAI.XQ,3,3.04166666666667,3,2.85,2.7,2.7,2.68333333333333,2.725,2.841667,2.866667,2.866667
Cote d'Ivoire,CIV,CPIA economic management cluster average (1=low to 6=high),IQ.CPA.ECON.XQ,3.33333333333333,3.5,3.66667,3.66666666666667,3.66666666666667,3.66666666666667,3.83333333333333,3.833333,3.833333,4,4.166667
Cote d'Ivoire,CIV,CPIA policies for social inclusion/equity cluster average (1=low to 6=high),IQ.CPA.SOCI.XQ,2.8,2.9,3,3.2,3.3,3.4,3.5,3.6,3.7,3.7,3.8
Cote d'Ivoire,CIV,CPIA public sector management and institutions cluster average (1=low to 6=high),IQ.CPA.PUBS.XQ,2.8,3,3.1,3.2,3.2,3.3,3.5,3.5,3.6,3.7,3.8
Cote d'Ivoire,CIV,CPIA structural policies cluster average (1=low to 6=high),IQ.CPA.STRC.XQ,3.33333333333333,3.33333333333333,3.33333,3.33333333333333,3.33333333333333,3.5,3.5,3.5,3.833333,3.833333,3.833333
Cote d'Ivoire,CIV,IDA resource allocation index (1=low to 6=high),IQ.CPA.IRAI.XQ,3.06666666666667,3.18333333333333,3.275,3.35,3.375,3.46666666666667,3.58333333333333,3.608333,3.741667,3.808333,3.9
Djibouti,DJI,CPIA economic management cluster average (1=low to 6=high),IQ.CPA.ECON.XQ,3.16666666666667,3.16666666666667,3,3,3,3,3.16666666666667,2.666667,2.666667,2.833333,2.833333
Djibouti,DJI,CPIA policies for social inclusion/equity cluster average (1=low to 6=high),IQ.CPA.SOCI.XQ,3.1,3,3,3,3,3.1,3.4,3.4,3.4,3.4,3.4
Djibouti,DJI,CPIA public sector management and institutions cluster average (1=low to 6=high),IQ.CPA.PUBS.XQ,2.6,2.7,2.7,2.7,2.7,3,3.2,3.1,3.1,3.1,3.1
Djibouti,DJI,CPIA structural policies cluster average (1=low to 6=high),IQ.CPA.STRC.XQ,3.5,3.5,3.16667,3.16667,3.16666666666667,3.33333333333333,3.16666666666667,3.166667,3.166667,3.166667,3.166667
Djibouti,DJI,IDA resource allocation index (1=low to 6=high),IQ.CPA.IRAI.XQ,3.09166666666667,3.09166666666667,2.96667,2.96667,2.96666666666667,3.10833333333333,3.23333333333333,3.083333,3.083333,3.125,3.125
Dominica,DMA,CPIA economic management cluster average (1=low to 6=high),IQ.CPA.ECON.XQ,3.83333333333333,3.83333333333333,3.66667,3.5,3.5,3.5,3.83333333333333,3.833333,3.833333,3.833333,3.833333
Dominica,DMA,CPIA policies for social inclusion/equity cluster average (1=low to 6=high),IQ.CPA.SOCI.XQ,3.6,3.6,3.4,3.4,3.4,3.4,3.4,3.4,3.4,3.4,3.4
Dominica,DMA,CPIA public sector management and institutions cluster average (1=low to 6=high),IQ.CPA.PUBS.XQ,3.8,3.8,3.8,3.7,3.7,3.7,3.7,3.7,3.7,3.7,3.3
Dominica,DMA,CPIA structural policies cluster average (1=low to 6=high),IQ.CPA.STRC.XQ,3.83333333333333,3.83333333333333,3.83333,3.83333,3.66666666666667,3.66666666666667,3.66666666666667,3.666667,3.666667,3.666667,3.5
Dominica,DMA,IDA resource allocation index (1=low to 6=high),IQ.CPA.IRAI.XQ,3.76666666666667,3.76666666666667,3.675,3.60833,3.56666666666667,3.56666666666667,3.65,3.65,3.65,3.65,3.508333
Eritrea,ERI,CPIA economic management cluster average (1=low to 6=high),IQ.CPA.ECON.XQ,1.5,1.33333333333333,1.33333,1.33333333333333,1.33333333333333,1.33333333333333,1.5,1.5,1.5,1.5,1.5
Eritrea,ERI,CPIA policies for social inclusion/equity cluster average (1=low to 6=high),IQ.CPA.SOCI.XQ,2.7,2.7,2.6,2.4,2.4,2.6,2.6,2.6,2.6,2.6,2.6
Eritrea,ERI,CPIA public sector management and institutions cluster average (1=low to 6=high),IQ.CPA.PUBS.XQ,2.6,2.6,2.5,2.5,2.5,2.6,2.4,2.3,2.1,1.5,1.5
Eritrea,ERI,CPIA structural policies cluster average (1=low to 6=high),IQ.CPA.STRC.XQ,1.5,1.33333333333333,1.33333,1.16666666666667,1.16666666666667,1.33333333333333,1.16666666666667,1.166667,1.166667,1.166667,1.166667
Eritrea,ERI,IDA resource allocation index (1=low to 6=high),IQ.CPA.IRAI.XQ,2.075,1.99166666666667,1.94167,1.85,1.85,1.96666666666667,1.91666666666667,1.891667,1.841667,1.691667,1.691667
Eswatini,SWZ,CPIA economic management cluster average (1=low to 6=high),IQ.CPA.ECON.XQ,..,..,..,..,..,..,..,..,..,..,3.166667
Eswatini,SWZ,CPIA policies for social inclusion/equity cluster average (1=low to 6=high),IQ.CPA.SOCI.XQ,..,..,..,..,..,..,..,..,..,..,3.2
Eswatini,SWZ,CPIA public sector management and institutions cluster average (1=low to 6=high),IQ.CPA.PUBS.XQ,..,..,..,..,..,..,..,..,..,..,2.5
Eswatini,SWZ,CPIA structural policies cluster average (1=low to 6=high),IQ.CPA.STRC.XQ,..,..,..,..,..,..,..,..,..,..,3.666667
Eswatini,SWZ,IDA resource allocation index (1=low to 6=high),IQ.CPA.IRAI.XQ,..,..,..,..,..,..,..,..,..,..,3.133333
Ethiopia,ETH,CPIA economic management cluster average (1=low to 6=high),IQ.CPA.ECON.XQ,3.5,3.5,3.5,3.66666666666667,3.5,3.5,3.5,3.333333,3,2.833333,3
Ethiopia,ETH,CPIA policies for social inclusion/equity cluster average (1=low to 6=high),IQ.CPA.SOCI.XQ,3.7,3.7,3.8,3.7,3.7,3.8,3.8,3.5,3.5,3.5,3.5
Ethiopia,ETH,CPIA public sector management and institutions cluster average (1=low to 6=high),IQ.CPA.PUBS.XQ,3.4,3.4,3.5,3.5,3.5,3.5,3.5,3.4,3.4,3.1,3.1
Ethiopia,ETH,CPIA structural policies cluster average (1=low to 6=high),IQ.CPA.STRC.XQ,3.16666666666667,3.16666666666667,3.16667,3,3,3,3.33333333333333,3.333333,3.333333,3.166667,3.166667
Ethiopia,ETH,IDA resource allocation index (1=low to 6=high),IQ.CPA.IRAI.XQ,3.44166666666667,3.44166666666667,3.49167,3.46666666666667,3.425,3.45,3.53333333333333,3.391667,3.308333,3.15,3.191667
Fiji,FJI,CPIA economic management cluster average (1=low to 6=high),IQ.CPA.ECON.XQ,..,..,..,..,..,..,3.16666666666667,3.166667,3.166667,3.166667,3.333333
Fiji,FJI,CPIA policies for social inclusion/equity cluster average (1=low to 6=high),IQ.CPA.SOCI.XQ,..,..,..,..,..,..,3.8,3.8,3.8,3.8,3.8
Fiji,FJI,CPIA public sector management and institutions cluster average (1=low to 6=high),IQ.CPA.PUBS.XQ,..,..,..,..,..,..,3.2,3.3,3.2,3.2,3.3
Fiji,FJI,CPIA structural policies cluster average (1=low to 6=high),IQ.CPA.STRC.XQ,..,..,..,..,..,..,3.5,3.666667,3.666667,3.666667,3.833333
Fiji,FJI,IDA resource allocation index (1=low to 6=high),IQ.CPA.IRAI.XQ,..,..,..,..,..,..,3.41666666666667,3.483333,3.458333,3.458333,3.566667
"Gambia, The",GMB,CPIA economic management cluster average (1=low to 6=high),IQ.CPA.ECON.XQ,3.33333333333333,3,2.16667,2.16666666666667,2.33333333333333,2.33333333333333,2.33333333333333,2.5,2.666667,2.666667,3.166667
"Gambia, The",GMB,CPIA policies for social inclusion/equity cluster average (1=low to 6=high),IQ.CPA.SOCI.XQ,3.4,3.4,3.3,3.3,3.3,3.4,3.4,3.4,3.6,3.6,3.4
"Gambia, The",GMB,CPIA public sector management and institutions cluster average (1=low to 6=high),IQ.CPA.PUBS.XQ,3,3,2.9,2.9,2.9,3,3,3,3,3.1,3.1
"Gambia, The",GMB,CPIA structural policies cluster average (1=low to 6=high),IQ.CPA.STRC.XQ,3.66666666666667,3.66666666666667,3.33333,3.33333333333333,3.33333333333333,3.16666666666667,3.16666666666667,3,3,3.166667,3.166667
"Gambia, The",GMB,IDA resource allocation index (1=low to 6=high),IQ.CPA.IRAI.XQ,3.35,3.26666666666667,2.925,2.925,2.96666666666667,2.975,2.975,2.975,3.066667,3.133333,3.208333
Georgia,GEO,CPIA economic management cluster average (1=low to 6=high),IQ.CPA.ECON.XQ,4.66666666666667,4.66666666666667,..,..,..,..,..,..,..,..,..
Georgia,GEO,CPIA policies for social inclusion/equity cluster average (1=low to 6=high),IQ.CPA.SOCI.XQ,4.1,4.1,..,..,..,..,..,..,..,..,..
Georgia,GEO,CPIA public sector management and institutions cluster average (1=low to 6=high),IQ.CPA.PUBS.XQ,4,4,..,..,..,..,..,..,..,..,..
Georgia,GEO,CPIA structural policies cluster average (1=low to 6=high),IQ.CPA.STRC.XQ,5,5,..,..,..,..,..,..,..,..,..
Georgia,GEO,IDA resource allocation index (1=low to 6=high),IQ.CPA.IRAI.XQ,4.44166666666667,4.44166666666667,..,..,..,..,..,..,..,..,..
Ghana,GHA,CPIA economic management cluster average (1=low to 6=high),IQ.CPA.ECON.XQ,3.5,3,3,3,3.33333333333333,3.33333333333333,3.33333333333333,3.333333,2.5,2.833333,2.833333
Ghana,GHA,CPIA policies for social inclusion/equity cluster average (1=low to 6=high),IQ.CPA.SOCI.XQ,4,4,3.9,3.8,3.8,3.7,3.7,3.7,3.7,3.7,3.7
Ghana,GHA,CPIA public sector management and institutions cluster average (1=low to 6=high),IQ.CPA.PUBS.XQ,3.7,3.7,3.7,3.6,3.6,3.6,3.6,3.6,3.6,3.6,3.6
Ghana,GHA,CPIA structural policies cluster average (1=low to 6=high),IQ.CPA.STRC.XQ,4,4,3.66667,3.66666666666667,3.5,3.5,3.66666666666667,3.666667,3.666667,3.5,3.5
Ghana,GHA,IDA resource allocation index (1=low to 6=high),IQ.CPA.IRAI.XQ,3.8,3.675,3.56667,3.51666666666667,3.55833333333333,3.53333333333333,3.575,3.575,3.366667,3.408333,3.408333
Grenada,GRD,CPIA economic management cluster average (1=low to 6=high),IQ.CPA.ECON.XQ,3,2.66666666666667,3,3.16667,3.16666666666667,3.16666666666667,3.66666666666667,3.833333,3.833333,4,4
Grenada,GRD,CPIA policies for social inclusion/equity cluster average (1=low to 6=high),IQ.CPA.SOCI.XQ,3.9,3.9,3.8,3.7,3.7,3.8,3.8,3.8,3.8,3.9,3.9
Grenada,GRD,CPIA public sector management and institutions cluster average (1=low to 6=high),IQ.CPA.PUBS.XQ,3.7,3.6,3.5,3.5,3.5,3.5,3.6,3.5,3.5,3.5,3.5
Grenada,GRD,CPIA structural policies cluster average (1=low to 6=high),IQ.CPA.STRC.XQ,4,4,3.83333,3.83333,3.66666666666667,3.5,3.5,3.5,3.5,3.5,3.5
Grenada,GRD,IDA resource allocation index (1=low to 6=high),IQ.CPA.IRAI.XQ,3.65,3.54166666666667,3.53333,3.55,3.50833333333333,3.49166666666667,3.64166666666667,3.658333,3.658333,3.725,3.725
Guinea,GIN,CPIA economic management cluster average (1=low to 6=high),IQ.CPA.ECON.XQ,3.33333333333333,3.33333333333333,3.33333,3.5,3.5,3.5,3.5,3.5,3.833333,3.833333,3.666667
Guinea,GIN,CPIA policies for social inclusion/equity cluster average (1=low to 6=high),IQ.CPA.SOCI.XQ,3.1,3,3.2,3.2,3.3,3.3,3.4,3.4,3.4,3.4,3.4
Guinea,GIN,CPIA public sector management and institutions cluster average (1=low to 6=high),IQ.CPA.PUBS.XQ,2.6,2.7,2.8,2.9,2.9,2.9,2.9,3,3,3,2.9
Guinea,GIN,CPIA structural policies cluster average (1=low to 6=high),IQ.CPA.STRC.XQ,2.83333333333333,2.83333333333333,3,3,3,3,3.33333333333333,3.333333,3.333333,3.333333,3.333333
Guinea,GIN,IDA resource allocation index (1=low to 6=high),IQ.CPA.IRAI.XQ,2.96666666666667,2.96666666666667,3.08333,3.15,3.175,3.175,3.28333333333333,3.308333,3.391667,3.391667,3.325
Guinea-Bissau,GNB,CPIA economic management cluster average (1=low to 6=high),IQ.CPA.ECON.XQ,2.66666666666667,2.5,2.5,2.5,2.66666666666667,2.66666666666667,2.66666666666667,2.5,2.833333,2.833333,3
Guinea-Bissau,GNB,CPIA policies for social inclusion/equity cluster average (1=low to 6=high),IQ.CPA.SOCI.XQ,2.5,2.4,2.2,2.3,2.3,2.3,2.3,2.3,2.4,2.5,2.5
Guinea-Bissau,GNB,CPIA public sector management and institutions cluster average (1=low to 6=high),IQ.CPA.PUBS.XQ,2.3,2.2,2.2,2.2,2,2,2,2.1,2.1,2.1,2.2
Guinea-Bissau,GNB,CPIA structural policies cluster average (1=low to 6=high),IQ.CPA.STRC.XQ,3,3,3,2.83333333333333,2.83333333333333,2.83333333333333,2.83333333333333,2.833333,2.833333,2.833333,2.833333
Guinea-Bissau,GNB,IDA resource allocation index (1=low to 6=high),IQ.CPA.IRAI.XQ,2.61666666666667,2.525,2.475,2.45833333333333,2.45,2.45,2.45,2.433333,2.541667,2.566667,2.633333
Guyana,GUY,CPIA economic management cluster average (1=low to 6=high),IQ.CPA.ECON.XQ,3.66666666666667,3.66666666666667,3.66667,3.66667,3.66666666666667,3.5,3.5,3.5,3.5,3.5,3.5
Guyana,GUY,CPIA policies for social inclusion/equity cluster average (1=low to 6=high),IQ.CPA.SOCI.XQ,3.3,3.3,3.2,3.1,3.1,3.2,3.2,3.2,3.2,3.3,3.3
Guyana,GUY,CPIA public sector management and institutions cluster average (1=low to 6=high),IQ.CPA.PUBS.XQ,3,3.1,3.1,3.1,3.1,3.2,3.2,3.2,3.2,3.2,3.1
Guyana,GUY,CPIA structural policies cluster average (1=low to 6=high),IQ.CPA.STRC.XQ,3.33333333333333,3.33333333333333,3.33333,3.33333,3.33333333333333,3.16666666666667,3.16666666666667,3.166667,3.166667,3.166667,3
Guyana,GUY,IDA resource allocation index (1=low to 6=high),IQ.CPA.IRAI.XQ,3.325,3.35,3.325,3.3,3.3,3.26666666666667,3.26666666666667,3.266667,3.266667,3.291667,3.225
Haiti,HTI,CPIA economic management cluster average (1=low to 6=high),IQ.CPA.ECON.XQ,3.33333333333333,3.16666666666667,3.5,3.33333,3.5,3,3,3,2.833333,2.166667,2.666667
Haiti,HTI,CPIA policies for social inclusion/equity cluster average (1=low to 6=high),IQ.CPA.SOCI.XQ,2.6,2.6,2.7,2.6,2.6,2.6,2.6,2.5,2.4,2.3,2.3
Haiti,HTI,CPIA public sector management and institutions cluster average (1=low to 6=high),IQ.CPA.PUBS.XQ,2.5,2.4,2.4,2.4,2.4,2.5,2.2,2,2,1.9,1.9
Haiti,HTI,CPIA structural policies cluster average (1=low to 6=high),IQ.CPA.STRC.XQ,3.16666666666667,3.16666666666667,3,3.16667,3,3,3,3,2.833333,2.5,2.333333
Haiti,HTI,IDA resource allocation index (1=low to 6=high),IQ.CPA.IRAI.XQ,2.9,2.83333333333333,2.9,2.875,2.875,2.775,2.7,2.625,2.516667,2.216667,2.3
Honduras,HND,CPIA economic management cluster average (1=low to 6=high),IQ.CPA.ECON.XQ,3.5,3,3.5,3.66667,3.66666666666667,3.66666666666667,3.66666666666667,3.5,3.5,3.5,3.5
Honduras,HND,CPIA policies for social inclusion/equity cluster average (1=low to 6=high),IQ.CPA.SOCI.XQ,3.6,3.6,3.7,3.7,3.8,3.7,3.6,3.6,3.6,3.5,3.5
Honduras,HND,CPIA public sector management and institutions cluster average (1=low to 6=high),IQ.CPA.PUBS.XQ,3.2,3,3.1,3.1,3.1,3.1,3,3,3,2.8,2.9
Honduras,HND,CPIA structural policies cluster average (1=low to 6=high),IQ.CPA.STRC.XQ,3.66666666666667,3.66666666666667,3.66667,3.5,3.5,3.33333333333333,3.33333333333333,3.333333,3.333333,3.333333,3.333333
Honduras,HND,IDA resource allocation index (1=low to 6=high),IQ.CPA.IRAI.XQ,3.49166666666667,3.31666666666667,3.5,3.49167,3.51666666666667,3.45,3.4,3.358333,3.358333,3.283333,3.308333
India,IND,CPIA economic management cluster average (1=low to 6=high),IQ.CPA.ECON.XQ,4,4,..,..,..,..,..,..,..,..,..
India,IND,CPIA policies for social inclusion/equity cluster average (1=low to 6=high),IQ.CPA.SOCI.XQ,3.7,3.7,..,..,..,..,..,..,..,..,..
India,IND,CPIA public sector management and institutions cluster average (1=low to 6=high),IQ.CPA.PUBS.XQ,3.6,3.6,..,..,..,..,..,..,..,..,..
India,IND,CPIA structural policies cluster average (1=low to 6=high),IQ.CPA.STRC.XQ,3.5,3.5,..,..,..,..,..,..,..,..,..
India,IND,IDA resource allocation index (1=low to 6=high),IQ.CPA.IRAI.XQ,3.7,3.7,..,..,..,..,..,..,..,..,..
Kenya,KEN,CPIA economic management cluster average (1=low to 6=high),IQ.CPA.ECON.XQ,4.5,4.5,4.33333,4.33333333333333,4,4,4,4,4.166667,4,4.166667
Kenya,KEN,CPIA policies for social inclusion/equity cluster average (1=low to 6=high),IQ.CPA.SOCI.XQ,3.7,3.7,3.7,3.7,3.7,3.7,3.7,3.8,3.8,3.9,3.8
Kenya,KEN,CPIA public sector management and institutions cluster average (1=low to 6=high),IQ.CPA.PUBS.XQ,3.4,3.4,3.4,3.4,3.4,3.4,3.4,3.6,3.5,3.6,3.6
Kenya,KEN,CPIA structural policies cluster average (1=low to 6=high),IQ.CPA.STRC.XQ,3.83333333333333,3.83333333333333,3.83333,3.66666666666667,3.83333333333333,3.66666666666667,3.66666666666667,3.666667,3.666667,3.833333,3.833333
Kenya,KEN,IDA resource allocation index (1=low to 6=high),IQ.CPA.IRAI.XQ,3.85833333333333,3.85833333333333,3.81667,3.775,3.73333333333333,3.69166666666667,3.69166666666667,3.766667,3.783333,3.833333,3.85
Kiribati,KIR,CPIA economic management cluster average (1=low to 6=high),IQ.CPA.ECON.XQ,2.66666666666667,2.66666666666667,2.66666666666667,2.66667,2.83333333333333,2.66666666666667,2.66666666666667,2.666667,2.666667,2.666667,2.5
Kiribati,KIR,CPIA policies for social inclusion/equity cluster average (1=low to 6=high),IQ.CPA.SOCI.XQ,3,3.1,3.1,3.1,3.1,3,3.3,3.2,3.2,3.2,3.2
Kiribati,KIR,CPIA public sector management and institutions cluster average (1=low to 6=high),IQ.CPA.PUBS.XQ,3.2,3.2,3.2,3.2,3.2,3.2,3.3,3.3,3.2,3.2,3.1
Kiribati,KIR,CPIA structural policies cluster average (1=low to 6=high),IQ.CPA.STRC.XQ,2.66666666666667,2.66666666666667,2.83333333333333,2.83333,2.83333333333333,2.83333333333333,2.83333333333333,2.666667,2.666667,2.666667,2.666667
Kiribati,KIR,IDA resource allocation index (1=low to 6=high),IQ.CPA.IRAI.XQ,2.88333333333333,2.90833333333333,2.95,2.95,2.99166666666667,2.925,3.025,2.958333,2.933333,2.933333,2.866667
Kosovo,XKX,CPIA economic management cluster average (1=low to 6=high),IQ.CPA.ECON.XQ,3.5,3.83333333333333,3.66667,3.5,3.5,3.5,3.66666666666667,4,4,4.166667,4.5
Kosovo,XKX,CPIA policies for social inclusion/equity cluster average (1=low to 6=high),IQ.CPA.SOCI.XQ,3.3,3.3,3.3,3.3,3.3,3.3,3.4,3.4,3.4,3.4,3.5
Kosovo,XKX,CPIA public sector management and institutions cluster average (1=low to 6=high),IQ.CPA.PUBS.XQ,3.4,3.4,3.3,3.3,3.3,3.3,3.3,3.4,3.4,3.5,3.6
Kosovo,XKX,CPIA structural policies cluster average (1=low to 6=high),IQ.CPA.STRC.XQ,3.83333333333333,3.83333333333333,3.83333,4.16667,4.16666666666667,4,4.16666666666667,4.166667,4.166667,4.166667,4.166667
Kosovo,XKX,IDA resource allocation index (1=low to 6=high),IQ.CPA.IRAI.XQ,3.50833333333333,3.59166666666667,3.525,3.56667,3.56666666666667,3.525,3.63333333333333,3.741667,3.741667,3.808333,3.941667
Kyrgyz Republic,KGZ,CPIA economic management cluster average (1=low to 6=high),IQ.CPA.ECON.XQ,4,3.83333333333333,3.83333,3.83333,3.66666666666667,3.66666666666667,3.66666666666667,3.833333,3.833333,4,4
Kyrgyz Republic,KGZ,CPIA policies for social inclusion/equity cluster average (1=low to 6=high),IQ.CPA.SOCI.XQ,3.6,3.6,3.7,3.7,3.7,3.8,3.8,3.8,3.8,3.8,3.8
Kyrgyz Republic,KGZ,CPIA public sector management and institutions cluster average (1=low to 6=high),IQ.CPA.PUBS.XQ,3.1,3.1,3.2,3.2,3.2,3.2,3.2,3.2,3,3,3
Kyrgyz Republic,KGZ,CPIA structural policies cluster average (1=low to 6=high),IQ.CPA.STRC.XQ,3.66666666666667,3.66666666666667,3.83333,4,4,3.66666666666667,3.5,3.5,3.5,3.5,3.333333
Kyrgyz Republic,KGZ,IDA resource allocation index (1=low to 6=high),IQ.CPA.IRAI.XQ,3.59166666666667,3.55,3.64167,3.68333,3.64166666666667,3.58333333333333,3.54166666666667,3.583333,3.533333,3.575,3.533333
Lao PDR,LAO,CPIA economic management cluster average (1=low to 6=high),IQ.CPA.ECON.XQ,3.66666666666667,3.33333333333333,3.33333333333333,3,3,3,2.66666666666667,2.666667,2.666667,2.5,2.666667
Lao PDR,LAO,CPIA policies for social inclusion/equity cluster average (1=low to 6=high),IQ.CPA.SOCI.XQ,3.5,3.5,3.4,3.4,3.4,3.5,3.4,3.4,3.4,3.3,3.2
Lao PDR,LAO,CPIA public sector management and institutions cluster average (1=low to 6=high),IQ.CPA.PUBS.XQ,3.1,3.1,3.1,3.1,3.1,3.1,2.8,2.8,2.8,2.8,2.8
Lao PDR,LAO,CPIA structural policies cluster average (1=low to 6=high),IQ.CPA.STRC.XQ,3.33333333333333,3.5,3.33333333333333,3.33333,3.16666666666667,3.16666666666667,3.16666666666667,3.166667,3.166667,3.333333,3.333333
Lao PDR,LAO,IDA resource allocation index (1=low to 6=high),IQ.CPA.IRAI.XQ,3.4,3.35833333333333,3.29166666666667,3.20833,3.16666666666667,3.19166666666667,3.00833333333333,3.008333,3.008333,2.983333,3
Lesotho,LSO,CPIA economic management cluster average (1=low to 6=high),IQ.CPA.ECON.XQ,3.66666666666667,3.66666666666667,3.16667,3.16666666666667,3.33333333333333,3.16666666666667,3.16666666666667,3.166667,3.166667,3.166667,3.166667
Lesotho,LSO,CPIA policies for social inclusion/equity cluster average (1=low to 6=high),IQ.CPA.SOCI.XQ,3.4,3.4,3.4,3.4,3.4,3.4,3.5,3.5,3.5,3.5,3.5
Lesotho,LSO,CPIA public sector management and institutions cluster average (1=low to 6=high),IQ.CPA.PUBS.XQ,3.5,3.3,3.3,3.3,3.3,3.2,3,3,3,2.9,2.9
Lesotho,LSO,CPIA structural policies cluster average (1=low to 6=high),IQ.CPA.STRC.XQ,3.33333333333333,3.5,3.33333,3.5,3.5,3.5,3.5,3.5,3.5,3.5,3.5
Lesotho,LSO,IDA resource allocation index (1=low to 6=high),IQ.CPA.IRAI.XQ,3.475,3.46666666666667,3.3,3.34166666666667,3.38333333333333,3.31666666666667,3.29166666666667,3.291667,3.291667,3.266667,3.266667
Liberia,LBR,CPIA economic management cluster average (1=low to 6=high),IQ.CPA.ECON.XQ,3.5,3.5,3.5,3.5,3.5,3.16666666666667,3.16666666666667,3.166667,3.333333,3.333333,3.333333
Liberia,LBR,CPIA policies for social inclusion/equity cluster average (1=low to 6=high),IQ.CPA.SOCI.XQ,3.1,3.1,3,3,3.1,3.1,3.1,3.1,3.1,3.1,3.1
Liberia,LBR,CPIA public sector management and institutions cluster average (1=low to 6=high),IQ.CPA.PUBS.XQ,2.8,2.9,2.9,2.9,2.9,2.5,2.7,2.8,2.7,2.7,2.8
Liberia,LBR,CPIA structural policies cluster average (1=low to 6=high),IQ.CPA.STRC.XQ,2.83333333333333,3,3,3,3,2.83333333333333,2.83333333333333,2.833333,2.833333,2.833333,3
Liberia,LBR,IDA resource allocation index (1=low to 6=high),IQ.CPA.IRAI.XQ,3.05833333333333,3.125,3.1,3.1,3.125,2.9,2.95,2.975,2.991667,2.991667,3.058333
Madagascar,MDG,CPIA economic management cluster average (1=low to 6=high),IQ.CPA.ECON.XQ,3.5,3.5,3.66667,3.66666666666667,3.66666666666667,3.66666666666667,3.66666666666667,3.666667,3.666667,3.666667,3.666667
Madagascar,MDG,CPIA policies for social inclusion/equity cluster average (1=low to 6=high),IQ.CPA.SOCI.XQ,2.9,2.9,3.2,3.3,3.3,3.3,3.3,3.3,3.3,3.3,3.4
Madagascar,MDG,CPIA public sector management and institutions cluster average (1=low to 6=high),IQ.CPA.PUBS.XQ,2.6,2.5,2.7,2.8,2.8,2.8,2.7,2.7,2.7,2.7,2.7
Madagascar,MDG,CPIA structural policies cluster average (1=low to 6=high),IQ.CPA.STRC.XQ,3.16666666666667,3.16666666666667,3,3.16666666666667,3.33333333333333,3.33333333333333,3.33333333333333,3.333333,3.333333,3.333333,3.333333
Madagascar,MDG,IDA resource allocation index (1=low to 6=high),IQ.CPA.IRAI.XQ,3.04166666666667,3.01666666666667,3.14167,3.23333333333333,3.275,3.275,3.25,3.25,3.25,3.25,3.275
Malawi,MWI,CPIA economic management cluster average (1=low to 6=high),IQ.CPA.ECON.XQ,3,3,2.83333,2.83333333333333,3,2.83333333333333,2.83333333333333,2.5,2.166667,2.166667,2
Malawi,MWI,CPIA policies for social inclusion/equity cluster average (1=low to 6=high),IQ.CPA.SOCI.XQ,3.5,3.5,3.5,3.5,3.6,3.6,3.6,3.6,3.6,3.6,3.5
Malawi,MWI,CPIA public sector management and institutions cluster average (1=low to 6=high),IQ.CPA.PUBS.XQ,3.3,3.1,3.1,3.2,3.2,3.2,3,3,2.9,3,3
Malawi,MWI,CPIA structural policies cluster average (1=low to 6=high),IQ.CPA.STRC.XQ,2.83333333333333,2.66666666666667,3.16667,3.16666666666667,3.16666666666667,3.16666666666667,3.33333333333333,3.333333,3.333333,3.333333,3.333333
Malawi,MWI,IDA resource allocation index (1=low to 6=high),IQ.CPA.IRAI.XQ,3.15833333333333,3.06666666666667,3.15,3.175,3.24166666666667,3.2,3.19166666666667,3.108333,3,3.025,2.958333
Maldives,MDV,CPIA economic management cluster average (1=low to 6=high),IQ.CPA.ECON.XQ,2.16666666666667,2.16666666666667,2.33333,2.5,2.66666666666667,2.66666666666667,2.5,2.333333,2.166667,1.833333,1.666667
Maldives,MDV,CPIA policies for social inclusion/equity cluster average (1=low to 6=high),IQ.CPA.SOCI.XQ,3.9,3.9,3.6,3.6,3.5,3.5,3.7,3.8,3.8,3.9,3.8
Maldives,MDV,CPIA public sector management and institutions cluster average (1=low to 6=high),IQ.CPA.PUBS.XQ,3.4,3.2,3.1,3.1,3,3,3.2,3.2,3.2,3.2,3.1
Maldives,MDV,CPIA structural policies cluster average (1=low to 6=high),IQ.CPA.STRC.XQ,3.66666666666667,3.66666666666667,3.5,3.5,3.5,3.5,3.5,3.5,3.5,3.5,3.5
Maldives,MDV,IDA resource allocation index (1=low to 6=high),IQ.CPA.IRAI.XQ,3.28333333333333,3.23333333333333,3.13333,3.175,3.16666666666667,3.16666666666667,3.225,3.208333,3.166667,3.108333,3.016667
Mali,MLI,CPIA economic management cluster average (1=low to 6=high),IQ.CPA.ECON.XQ,3.83333333333333,3.83333333333333,3.83333,3.83333333333333,4,4,3.83333333333333,3.833333,3.833333,3.833333,3.833333
Mali,MLI,CPIA policies for social inclusion/equity cluster average (1=low to 6=high),IQ.CPA.SOCI.XQ,3.2,3.2,3.2,3.1,3.1,3.1,3.3,3.2,3.2,3.2,3.3
Mali,MLI,CPIA public sector management and institutions cluster average (1=low to 6=high),IQ.CPA.PUBS.XQ,3,3,3,3,3,3,2.7,2.6,2.4,2.3,2.2
Mali,MLI,CPIA structural policies cluster average (1=low to 6=high),IQ.CPA.STRC.XQ,3.5,3.5,3.5,3.5,3.5,3.5,3.33333333333333,3.333333,3.5,3.5,3.166667
Mali,MLI,IDA resource allocation index (1=low to 6=high),IQ.CPA.IRAI.XQ,3.38333333333333,3.38333333333333,3.38333,3.35833333333333,3.4,3.4,3.29166666666667,3.241667,3.233333,3.208333,3.125
Marshall Islands,MHL,CPIA economic management cluster average (1=low to 6=high),IQ.CPA.ECON.XQ,2.33333333333333,2.33333333333333,2.33333333333333,2.33333,2.33333333333333,2.5,2.5,2.5,2.5,2.5,2.5
Marshall Islands,MHL,CPIA policies for social inclusion/equity cluster average (1=low to 6=high),IQ.CPA.SOCI.XQ,2.6,2.6,2.6,2.6,2.6,2.6,2.6,2.7,2.7,2.8,2.9
Marshall Islands,MHL,CPIA public sector management and institutions cluster average (1=low to 6=high),IQ.CPA.PUBS.XQ,2.8,2.8,2.8,2.8,2.8,2.8,2.8,2.8,2.8,2.8,2.7
Marshall Islands,MHL,CPIA structural policies cluster average (1=low to 6=high),IQ.CPA.STRC.XQ,3,2.83333333333333,2.66666666666667,2.66667,2.66666666666667,2.5,2.5,2.5,2.5,2.5,2.666667
Marshall Islands,MHL,IDA resource allocation index (1=low to 6=high),IQ.CPA.IRAI.XQ,2.68333333333333,2.64166666666667,2.6,2.6,2.6,2.6,2.6,2.625,2.625,2.65,2.691667
Mauritania,MRT,CPIA economic management cluster average (1=low to 6=high),IQ.CPA.ECON.XQ,3.33333333333333,3.5,3.5,3.5,3.5,3.5,3.5,3.5,3.5,3.833333,4
Mauritania,MRT,CPIA policies for social inclusion/equity cluster average (1=low to 6=high),IQ.CPA.SOCI.XQ,3.3,3.4,3.4,3.5,3.6,3.5,3.5,3.6,3.6,3.7,3.6
Mauritania,MRT,CPIA public sector management and institutions cluster average (1=low to 6=high),IQ.CPA.PUBS.XQ,3.1,3.1,3.2,3.3,3.3,3.3,3.2,3.3,3.3,3.4,3.4
Mauritania,MRT,CPIA structural policies cluster average (1=low to 6=high),IQ.CPA.STRC.XQ,3.16666666666667,3.16666666666667,3.16666666666667,3.16666666666667,3.16666666666667,3.16666666666667,3.16666666666667,3.166667,3.166667,3.333333,3.333333
Mauritania,MRT,IDA resource allocation index (1=low to 6=high),IQ.CPA.IRAI.XQ,3.225,3.29166666666667,3.31666666666667,3.36666666666667,3.39166666666667,3.36666666666667,3.34166666666667,3.391667,3.391667,3.566667,3.583333
"Micronesia, Fed. Sts.",FSM,CPIA economic management cluster average (1=low to 6=high),IQ.CPA.ECON.XQ,2.33333333333333,2.33333333333333,2.66667,2.66667,2.66666666666667,2.66666666666667,2.66666666666667,2.666667,2.666667,2.666667,2.833333
"Micronesia, Fed. Sts.",FSM,CPIA policies for social inclusion/equity cluster average (1=low to 6=high),IQ.CPA.SOCI.XQ,2.7,2.7,2.7,2.6,2.6,2.6,2.7,2.7,2.7,2.7,2.7
"Micronesia, Fed. Sts.",FSM,CPIA public sector management and institutions cluster average (1=low to 6=high),IQ.CPA.PUBS.XQ,2.9,2.9,2.9,2.9,2.9,2.9,2.8,2.9,2.9,2.9,2.9
"Micronesia, Fed. Sts.",FSM,CPIA structural policies cluster average (1=low to 6=high),IQ.CPA.STRC.XQ,2.83333333333333,2.83333333333333,2.83333,2.83333,2.83333333333333,2.83333333333333,2.83333333333333,2.833333,2.833333,2.833333,2.833333
"Micronesia, Fed. Sts.",FSM,IDA resource allocation index (1=low to 6=high),IQ.CPA.IRAI.XQ,2.69166666666667,2.69166666666667,2.775,2.75,2.75,2.75,2.75,2.775,2.775,2.775,2.816667
Moldova,MDA,CPIA economic management cluster average (1=low to 6=high),IQ.CPA.ECON.XQ,3.83333333333333,4,4,4,4,4,..,..,..,..,..
Moldova,MDA,CPIA policies for social inclusion/equity cluster average (1=low to 6=high),IQ.CPA.SOCI.XQ,4.1,4,3.9,3.9,3.9,3.9,..,..,..,..,..
Moldova,MDA,CPIA public sector management and institutions cluster average (1=low to 6=high),IQ.CPA.PUBS.XQ,3.5,3.6,3.4,3.4,3.4,3.4,..,..,..,..,..
Moldova,MDA,CPIA structural policies cluster average (1=low to 6=high),IQ.CPA.STRC.XQ,3.83333333333333,3.83333333333333,3.5,3.5,3.66666666666667,3.66666666666667,..,..,..,..,..
Moldova,MDA,IDA resource allocation index (1=low to 6=high),IQ.CPA.IRAI.XQ,3.81666666666667,3.85833333333333,3.7,3.7,3.74166666666667,3.74166666666667,..,..,..,..,..
Mongolia,MNG,CPIA economic management cluster average (1=low to 6=high),IQ.CPA.ECON.XQ,3.33333333333333,3,2.83333333333333,2.5,2.83333333333333,3.16666666666667,..,..,..,..,..
Mongolia,MNG,CPIA policies for social inclusion/equity cluster average (1=low to 6=high),IQ.CPA.SOCI.XQ,3.7,3.7,3.7,3.7,3.7,3.8,..,..,..,..,..
Mongolia,MNG,CPIA public sector management and institutions cluster average (1=low to 6=high),IQ.CPA.PUBS.XQ,3.4,3.4,3.4,3.3,3.3,3.2,..,..,..,..,..
Mongolia,MNG,CPIA structural policies cluster average (1=low to 6=high),IQ.CPA.STRC.XQ,3.33333333333333,3.33333333333333,3.16666666666667,3.33333,3.33333333333333,3.33333333333333,..,..,..,..,..
Mongolia,MNG,IDA resource allocation index (1=low to 6=high),IQ.CPA.IRAI.XQ,3.44166666666667,3.35833333333333,3.275,3.20833,3.29166666666667,3.375,..,..,..,..,..
Mozambique,MOZ,CPIA economic management cluster average (1=low to 6=high),IQ.CPA.ECON.XQ,4.5,4.16666666666667,3.83333333333333,3,2.83333333333333,3,3,3,3.166667,3.166667,2.833333
Mozambique,MOZ,CPIA policies for social inclusion/equity cluster average (1=low to 6=high),IQ.CPA.SOCI.XQ,3.5,3.5,3.4,3.4,3.4,3.4,3.3,3.3,3.3,3.3,3.3
Mozambique,MOZ,CPIA public sector management and institutions cluster average (1=low to 6=high),IQ.CPA.PUBS.XQ,3.4,3.3,3.2,3.2,3.1,3.1,3,3,3,2.9,2.9
Mozambique,MOZ,CPIA structural policies cluster average (1=low to 6=high),IQ.CPA.STRC.XQ,3.5,3.5,3.5,3.33333333333333,3.33333333333333,3.33333333333333,3.16666666666667,3.166667,3.166667,3.166667,3.166667
Mozambique,MOZ,IDA resource allocation index (1=low to 6=high),IQ.CPA.IRAI.XQ,3.725,3.61666666666667,3.48333333333333,3.23333333333333,3.16666666666667,3.20833333333333,3.11666666666667,3.116667,3.158333,3.133333,3.05
Myanmar,MMR,CPIA economic management cluster average (1=low to 6=high),IQ.CPA.ECON.XQ,..,3.66666666666667,3.66667,3.66667,3.66666666666667,3.66666666666667,3.66666666666667,2.5,2.166667,2,1.833333
Myanmar,MMR,CPIA policies for social inclusion/equity cluster average (1=low to 6=high),IQ.CPA.SOCI.XQ,..,2.6,2.8,2.8,2.6,2.6,2.7,2.4,2.4,2.2,2.2
Myanmar,MMR,CPIA public sector management and institutions cluster average (1=low to 6=high),IQ.CPA.PUBS.XQ,..,2.7,3,3,2.9,2.8,2.8,2,1.9,1.9,1.9
Myanmar,MMR,CPIA structural policies cluster average (1=low to 6=high),IQ.CPA.STRC.XQ,..,2.83333333333333,2.83333,2.83333,2.83333333333333,3,2.83333333333333,2.166667,2,1.833333,1.833333
Myanmar,MMR,IDA resource allocation index (1=low to 6=high),IQ.CPA.IRAI.XQ,..,2.95,3.075,3.075,3,3.01666666666667,3,2.266667,2.116667,1.983333,1.941667
Nepal,NPL,CPIA economic management cluster average (1=low to 6=high),IQ.CPA.ECON.XQ,3,3,3.16667,3.16667,3.16666666666667,3.33333333333333,3.33333333333333,3.166667,3.333333,3.333333,3.333333
Nepal,NPL,CPIA policies for social inclusion/equity cluster average (1=low to 6=high),IQ.CPA.SOCI.XQ,3.9,3.9,3.8,3.8,3.8,3.7,3.7,3.6,3.6,3.5,3.5
Nepal,NPL,CPIA public sector management and institutions cluster average (1=low to 6=high),IQ.CPA.PUBS.XQ,3,3.1,3.1,3.1,3.1,3.1,2.9,3,2.9,2.8,2.9
Nepal,NPL,CPIA structural policies cluster average (1=low to 6=high),IQ.CPA.STRC.XQ,3.16666666666667,3.5,3.5,3.5,3.5,3.66666666666667,3.66666666666667,3.833333,3.833333,3.833333,3.833333
Nepal,NPL,IDA resource allocation index (1=low to 6=high),IQ.CPA.IRAI.XQ,3.26666666666667,3.375,3.39167,3.39167,3.39166666666667,3.45,3.4,3.4,3.416667,3.366667,3.391667
Nicaragua,NIC,CPIA economic management cluster average (1=low to 6=high),IQ.CPA.ECON.XQ,4.16666666666667,4.16666666666667,4.16667,4.16667,4.16666666666667,4,4,4,4,4,3.833333
Nicaragua,NIC,CPIA policies for social inclusion/equity cluster average (1=low to 6=high),IQ.CPA.SOCI.XQ,3.8,3.9,3.7,3.7,3.6,3.6,3.6,3.5,3.5,3.5,3.5
Nicaragua,NIC,CPIA public sector management and institutions cluster average (1=low to 6=high),IQ.CPA.PUBS.XQ,3.2,3.3,3.3,3.2,3.2,3.1,2.9,2.8,2.6,2.4,2.2
Nicaragua,NIC,CPIA structural policies cluster average (1=low to 6=high),IQ.CPA.STRC.XQ,3.66666666666667,3.66666666666667,3.66667,3.66667,3.5,3.33333333333333,3,2.833333,3,3,2.666667
Nicaragua,NIC,IDA resource allocation index (1=low to 6=high),IQ.CPA.IRAI.XQ,3.70833333333333,3.75833333333333,3.70834,3.68334,3.61666666666667,3.50833333333333,3.375,3.283333,3.275,3.225,3.05
Niger,NER,CPIA economic management cluster average (1=low to 6=high),IQ.CPA.ECON.XQ,4,4,3.83333333333333,3.66666666666667,3.66666666666667,3.83333333333333,3.83333333333333,3.833333,3.833333,3.666667,3.333333
Niger,NER,CPIA policies for social inclusion/equity cluster average (1=low to 6=high),IQ.CPA.SOCI.XQ,3.4,3.3,3.3,3.3,3.2,3.2,3.3,3.2,3.4,3.4,3.3
Niger,NER,CPIA public sector management and institutions cluster average (1=low to 6=high),IQ.CPA.PUBS.XQ,3.2,3.2,3.2,3.1,3.1,3.1,3.2,3.2,3.2,3.2,2.8
Niger,NER,CPIA structural policies cluster average (1=low to 6=high),IQ.CPA.STRC.XQ,3.33333333333333,3.33333333333333,3.5,3.33333333333333,3.5,3.5,3.33333333333333,3.333333,3.333333,3.166667,3.166667
Niger,NER,IDA resource allocation index (1=low to 6=high),IQ.CPA.IRAI.XQ,3.48333333333333,3.45833333333333,3.45833333333333,3.35,3.36666666666667,3.40833333333333,3.41666666666667,3.391667,3.441667,3.358333,3.15
Nigeria,NGA,CPIA economic management cluster average (1=low to 6=high),IQ.CPA.ECON.XQ,4.33333333333333,4.5,3.83333,3.5,3.33333333333333,3.33333333333333,3.5,3.5,3.333333,3.5,3.666667
Nigeria,NGA,CPIA policies for social inclusion/equity cluster average (1=low to 6=high),IQ.CPA.SOCI.XQ,3.4,3.5,3.5,3.5,3.5,3.4,3.5,3.5,3.5,3.4,3.3
Nigeria,NGA,CPIA public sector management and institutions cluster average (1=low to 6=high),IQ.CPA.PUBS.XQ,2.9,2.8,2.8,2.8,2.8,2.8,2.8,2.8,2.8,2.7,2.7
Nigeria,NGA,CPIA structural policies cluster average (1=low to 6=high),IQ.CPA.STRC.XQ,3.5,3.5,3.5,3.33333333333333,3.16666666666667,3,3,3,3,3.166667,3.166667
Nigeria,NGA,IDA resource allocation index (1=low to 6=high),IQ.CPA.IRAI.XQ,3.53333333333333,3.575,3.40833,3.28333333333333,3.2,3.13333333333333,3.2,3.2,3.158333,3.191667,3.208333
Pakistan,PAK,CPIA economic management cluster average (1=low to 6=high),IQ.CPA.ECON.XQ,2.83333333333333,2.83333333333333,3.33333,3.5,3.16666666666667,3,3.16666666666667,3.166667,3,3.166667,3.166667
Pakistan,PAK,CPIA policies for social inclusion/equity cluster average (1=low to 6=high),IQ.CPA.SOCI.XQ,3.1,3.1,3.1,3.2,3.2,3.2,3.2,3.2,3.2,3.2,3.2
Pakistan,PAK,CPIA public sector management and institutions cluster average (1=low to 6=high),IQ.CPA.PUBS.XQ,3,3,3.1,3.1,3.1,3.1,3.2,3.3,3.1,3.2,3.2
Pakistan,PAK,CPIA structural policies cluster average (1=low to 6=high),IQ.CPA.STRC.XQ,3.33333333333333,3.33333333333333,3.33333,3.5,3.5,3.5,3.66666666666667,3.666667,3.666667,3.666667,3.666667
Pakistan,PAK,IDA resource allocation index (1=low to 6=high),IQ.CPA.IRAI.XQ,3.06666666666667,3.06666666666667,3.21666666666667,3.325,3.24166666666667,3.2,3.30833333333333,3.333333,3.241667,3.308333,3.308333
Papua New Guinea,PNG,CPIA economic management cluster average (1=low to 6=high),IQ.CPA.ECON.XQ,4,3.83333333333333,3,3,2.83333333333333,3,2.66666666666667,2.666667,2.666667,2.666667,2.666667
Papua New Guinea,PNG,CPIA policies for social inclusion/equity cluster average (1=low to 6=high),IQ.CPA.SOCI.XQ,2.7,2.6,2.6,2.6,2.6,2.6,2.5,2.5,2.6,2.6,2.7
Papua New Guinea,PNG,CPIA public sector management and institutions cluster average (1=low to 6=high),IQ.CPA.PUBS.XQ,3,2.9,2.9,2.9,2.9,2.9,2.7,2.7,2.8,2.8,2.7
Papua New Guinea,PNG,CPIA structural policies cluster average (1=low to 6=high),IQ.CPA.STRC.XQ,3.5,3.66666666666667,3.5,3.5,3.5,3.5,3.33333333333333,3.333333,3.333333,3.333333,3.333333
Papua New Guinea,PNG,IDA resource allocation index (1=low to 6=high),IQ.CPA.IRAI.XQ,3.3,3.25,3,3,2.95833333333333,3,2.8,2.8,2.85,2.85,2.85
Rwanda,RWA,CPIA economic management cluster average (1=low to 6=high),IQ.CPA.ECON.XQ,3.83333333333333,3.83333333333333,4,4,4,4,4,4,4,4,4
Rwanda,RWA,CPIA policies for social inclusion/equity cluster average (1=low to 6=high),IQ.CPA.SOCI.XQ,4.1,4.1,4.3,4.3,4.3,4.2,4.3,4.3,4.3,4.4,4.4
Rwanda,RWA,CPIA public sector management and institutions cluster average (1=low to 6=high),IQ.CPA.PUBS.XQ,3.6,3.6,3.7,3.7,3.7,3.8,3.8,3.8,3.8,3.9,3.9
Rwanda,RWA,CPIA structural policies cluster average (1=low to 6=high),IQ.CPA.STRC.XQ,3.83333333333333,4.16666666666667,4.16666666666667,4.16666666666667,4.16666666666667,4.16666666666667,4.16666666666667,4.166667,4.166667,4.166667,4.333333
Rwanda,RWA,IDA resource allocation index (1=low to 6=high),IQ.CPA.IRAI.XQ,3.84166666666667,3.925,4.04166666666667,4.04166666666667,4.04166666666667,4.04166666666667,4.06666666666667,4.066667,4.066667,4.116667,4.158333
Samoa,WSM,CPIA economic management cluster average (1=low to 6=high),IQ.CPA.ECON.XQ,4.33333333333333,4.16666666666667,4.16666666666667,4.16667,4.16666666666667,4.16666666666667,4.16666666666667,4.166667,4.166667,4.166667,4.333333
Samoa,WSM,CPIA policies for social inclusion/equity cluster average (1=low to 6=high),IQ.CPA.SOCI.XQ,3.9,3.9,3.8,3.9,3.9,3.9,3.9,3.9,3.9,3.9,3.8
Samoa,WSM,CPIA public sector management and institutions cluster average (1=low to 6=high),IQ.CPA.PUBS.XQ,4,4.1,4.1,4.1,4.1,4.1,4.1,4.1,4.1,4.1,4
Samoa,WSM,CPIA structural policies cluster average (1=low to 6=high),IQ.CPA.STRC.XQ,4,3.83333333333333,3.83333333333333,3.83333,3.83333333333333,3.83333333333333,3.66666666666667,3.666667,3.666667,3.666667,3.666667
Samoa,WSM,IDA resource allocation index (1=low to 6=high),IQ.CPA.IRAI.XQ,4.05833333333333,4,3.975,4,4,4,3.95833333333333,3.958333,3.958333,3.958333,3.95
Sao Tome and Principe,STP,CPIA economic management cluster average (1=low to 6=high),IQ.CPA.ECON.XQ,2.83333333333333,2.83333333333333,2.83333,3,3,2.83333333333333,2.83333333333333,2.833333,2.5,2.333333,2.333333
Sao Tome and Principe,STP,CPIA policies for social inclusion/equity cluster average (1=low to 6=high),IQ.CPA.SOCI.XQ,3.1,3.1,3.1,3.1,3.1,3.1,3.1,3.1,3.2,3.2,3.3
Sao Tome and Principe,STP,CPIA public sector management and institutions cluster average (1=low to 6=high),IQ.CPA.PUBS.XQ,3.1,3.1,3.1,3.2,3.2,3.2,3,3,3,3,3
Sao Tome and Principe,STP,CPIA structural policies cluster average (1=low to 6=high),IQ.CPA.STRC.XQ,3.16666666666667,3.16666666666667,3.16667,3.16666666666667,3.16666666666667,3.16666666666667,3,3,3,3.166667,3.166667
Sao Tome and Principe,STP,IDA resource allocation index (1=low to 6=high),IQ.CPA.IRAI.XQ,3.05,3.05,3.05,3.11666666666667,3.11666666666667,3.075,2.98333333333333,2.983333,2.925,2.925,2.95
Senegal,SEN,CPIA economic management cluster average (1=low to 6=high),IQ.CPA.ECON.XQ,4.16666666666667,4.16666666666667,4.16667,4.16666666666667,4.16666666666667,4,3.83333333333333,3.833333,3.666667,3.666667,3.333333
Senegal,SEN,CPIA policies for social inclusion/equity cluster average (1=low to 6=high),IQ.CPA.SOCI.XQ,3.5,3.5,3.5,3.5,3.7,3.7,3.7,3.7,3.7,3.7,3.7
Senegal,SEN,CPIA public sector management and institutions cluster average (1=low to 6=high),IQ.CPA.PUBS.XQ,3.6,3.6,3.6,3.6,3.6,3.5,3.5,3.6,3.6,3.6,3.6
Senegal,SEN,CPIA structural policies cluster average (1=low to 6=high),IQ.CPA.STRC.XQ,4,4,4,3.83333333333333,3.83333333333333,3.66666666666667,3.83333333333333,3.666667,3.833333,3.833333,3.833333
Senegal,SEN,IDA resource allocation index (1=low to 6=high),IQ.CPA.IRAI.XQ,3.81666666666667,3.81666666666667,3.81667,3.775,3.825,3.71666666666667,3.71666666666667,3.7,3.7,3.7,3.616667
Sierra Leone,SLE,CPIA economic management cluster average (1=low to 6=high),IQ.CPA.ECON.XQ,3.5,3.5,3.5,3.5,3.5,3.16666666666667,3.16666666666667,3.166667,3,3,2.833333
Sierra Leone,SLE,CPIA policies for social inclusion/equity cluster average (1=low to 6=high),IQ.CPA.SOCI.XQ,3.3,3.3,3.3,3.2,3.2,3.1,3.2,3.4,3.6,3.6,3.6
Sierra Leone,SLE,CPIA public sector management and institutions cluster average (1=low to 6=high),IQ.CPA.PUBS.XQ,3.1,3.1,3.1,3.1,3.1,3.2,3.2,3.2,3.2,3.2,3
Sierra Leone,SLE,CPIA structural policies cluster average (1=low to 6=high),IQ.CPA.STRC.XQ,3.16666666666667,3.16666666666667,3.16667,3.16666666666667,3.16666666666667,3.16666666666667,3,3,3,3,2.833333
Sierra Leone,SLE,IDA resource allocation index (1=low to 6=high),IQ.CPA.IRAI.XQ,3.26666666666667,3.26666666666667,3.26667,3.24166666666667,3.24166666666667,3.15833333333333,3.14166666666667,3.191667,3.2,3.2,3.066667
Solomon Islands,SLB,CPIA economic management cluster average (1=low to 6=high),IQ.CPA.ECON.XQ,3.33333333333333,3.33333333333333,3.33333,3.33333,3.16666666666667,3.16666666666667,3.16666666666667,3.166667,3.166667,3,3.166667
Solomon Islands,SLB,CPIA policies for social inclusion/equity cluster average (1=low to 6=high),IQ.CPA.SOCI.XQ,2.7,2.7,2.7,2.7,2.7,2.7,2.7,2.8,2.8,2.8,2.8
Solomon Islands,SLB,CPIA public sector management and institutions cluster average (1=low to 6=high),IQ.CPA.PUBS.XQ,2.8,2.7,2.7,2.7,2.7,2.7,2.7,2.6,2.7,2.7,2.7
Solomon Islands,SLB,CPIA structural policies cluster average (1=low to 6=high),IQ.CPA.STRC.XQ,3,3,3.16667,3.16667,3.16666666666667,3.16666666666667,3.16666666666667,3.166667,3.166667,3.166667,3.166667
Solomon Islands,SLB,IDA resource allocation index (1=low to 6=high),IQ.CPA.IRAI.XQ,2.95833333333333,2.93333333333333,2.975,2.975,2.93333333333333,2.93333333333333,2.93333333333333,2.933333,2.958333,2.916667,2.958333
Somalia,SOM,CPIA economic management cluster average (1=low to 6=high),IQ.CPA.ECON.XQ,..,..,..,..,1.83333333333333,..,2,2,2,2.333333,2.5
Somalia,SOM,CPIA policies for social inclusion/equity cluster average (1=low to 6=high),IQ.CPA.SOCI.XQ,..,..,..,..,2,..,2.4,2.4,2.4,2.5,2.5
Somalia,SOM,CPIA public sector management and institutions cluster average (1=low to 6=high),IQ.CPA.PUBS.XQ,..,..,..,..,1.8,..,2,1.9,1.9,1.9,1.8
Somalia,SOM,CPIA structural policies cluster average (1=low to 6=high),IQ.CPA.STRC.XQ,..,..,..,..,1.66666666666667,..,1.66666666666667,2.166667,2.166667,2.166667,2.166667
Somalia,SOM,IDA resource allocation index (1=low to 6=high),IQ.CPA.IRAI.XQ,..,..,..,..,1.825,..,2.01666666666667,2.116667,2.116667,2.225,2.241667
South Sudan,SSD,CPIA economic management cluster average (1=low to 6=high),IQ.CPA.ECON.XQ,1.83333333333333,1.83333333333333,1.5,1,1,1,1.16666666666667,1.5,1.5,1.666667,1.5
South Sudan,SSD,CPIA policies for social inclusion/equity cluster average (1=low to 6=high),IQ.CPA.SOCI.XQ,2.3,2.2,2.1,1.8,1.7,1.5,1.5,1.5,1.6,1.7,1.7
South Sudan,SSD,CPIA public sector management and institutions cluster average (1=low to 6=high),IQ.CPA.PUBS.XQ,2,2,1.7,1.5,1.4,1.4,1.4,1.4,1.4,1.3,1.3
South Sudan,SSD,CPIA structural policies cluster average (1=low to 6=high),IQ.CPA.STRC.XQ,2.33333333333333,2.33333333333333,2.16667,2,2,2,1.83333333333333,2,2,2,2
South Sudan,SSD,IDA resource allocation index (1=low to 6=high),IQ.CPA.IRAI.XQ,2.11666666666667,2.09166666666667,1.86667,1.575,1.525,1.475,1.475,1.6,1.625,1.666667,1.625
Sri Lanka,LKA,CPIA economic management cluster average (1=low to 6=high),IQ.CPA.ECON.XQ,3.16666666666667,3.16666666666667,2.83333,..,..,..,..,..,2,2,2.5
Sri Lanka,LKA,CPIA policies for social inclusion/equity cluster average (1=low to 6=high),IQ.CPA.SOCI.XQ,3.6,3.6,3.6,..,..,..,..,..,3.6,3.7,3.5
Sri Lanka,LKA,CPIA public sector management and institutions cluster average (1=low to 6=high),IQ.CPA.PUBS.XQ,3.4,3.3,3.4,..,..,..,..,..,3.3,3.3,3.4
Sri Lanka,LKA,CPIA structural policies cluster average (1=low to 6=high),IQ.CPA.STRC.XQ,4,4,3.66667,..,..,..,..,..,3.333333,3.5,3.5
Sri Lanka,LKA,IDA resource allocation index (1=low to 6=high),IQ.CPA.IRAI.XQ,3.54166666666667,3.51666666666667,3.375,..,..,..,..,..,3.058333,3.125,3.225
St. Lucia,LCA,CPIA economic management cluster average (1=low to 6=high),IQ.CPA.ECON.XQ,3.5,3.16666666666667,3,3,3,3,3.5,3.5,3.5,3.5,3.666667
St. Lucia,LCA,CPIA policies for social inclusion/equity cluster average (1=low to 6=high),IQ.CPA.SOCI.XQ,3.6,3.6,3.7,3.7,3.8,3.8,3.9,3.9,3.9,3.9,3.9
St. Lucia,LCA,CPIA public sector management and institutions cluster average (1=low to 6=high),IQ.CPA.PUBS.XQ,4,4,3.7,3.8,3.8,3.8,3.8,3.8,3.8,3.8,3.7
St. Lucia,LCA,CPIA structural policies cluster average (1=low to 6=high),IQ.CPA.STRC.XQ,4,3.83333333333333,3.83333,3.83333,3.66666666666667,3.66666666666667,3.5,3.5,3.5,3.666667,3.666667
St. Lucia,LCA,IDA resource allocation index (1=low to 6=high),IQ.CPA.IRAI.XQ,3.775,3.65,3.55833333333333,3.58333,3.56666666666667,3.56666666666667,3.675,3.675,3.675,3.716667,3.733333
St. Vincent and the Grenadines,VCT,CPIA economic management cluster average (1=low to 6=high),IQ.CPA.ECON.XQ,3.5,3.5,3.33333,3.16667,3.16666666666667,3.33333333333333,3.66666666666667,3.666667,3.666667,3.666667,3.666667
St. Vincent and the Grenadines,VCT,CPIA policies for social inclusion/equity cluster average (1=low to 6=high),IQ.CPA.SOCI.XQ,3.6,3.6,3.6,3.6,3.6,3.6,3.8,3.6,3.6,3.6,3.6
St. Vincent and the Grenadines,VCT,CPIA public sector management and institutions cluster average (1=low to 6=high),IQ.CPA.PUBS.XQ,3.8,3.8,3.7,3.7,3.7,3.7,3.7,3.7,3.7,3.7,3.6
St. Vincent and the Grenadines,VCT,CPIA structural policies cluster average (1=low to 6=high),IQ.CPA.STRC.XQ,4,4,3.83333,3.83333,3.83333333333333,3.83333333333333,3.66666666666667,3.666667,3.666667,3.666667,3.5
St. Vincent and the Grenadines,VCT,IDA resource allocation index (1=low to 6=high),IQ.CPA.IRAI.XQ,3.725,3.725,3.61667,3.575,3.575,3.61666666666667,3.70833333333333,3.658333,3.658333,3.658333,3.591667
Sudan,SDN,CPIA economic management cluster average (1=low to 6=high),IQ.CPA.ECON.XQ,2.16666666666667,2.16666666666667,2.33333333333333,2.5,2.16666666666667,1.83333333333333,1.83333333333333,2.166667,2,1.833333,1.833333
Sudan,SDN,CPIA policies for social inclusion/equity cluster average (1=low to 6=high),IQ.CPA.SOCI.XQ,2.4,2.4,2.5,2.5,2.5,2.5,2.5,2.5,2.5,2.2,2.1
Sudan,SDN,CPIA public sector management and institutions cluster average (1=low to 6=high),IQ.CPA.PUBS.XQ,2.2,2.2,2.2,2.2,2.2,2.1,2.1,1.9,1.8,1.8,1.5
Sudan,SDN,CPIA structural policies cluster average (1=low to 6=high),IQ.CPA.STRC.XQ,2.5,2.66666666666667,2.66666666666667,2.66666666666667,2.66666666666667,2.66666666666667,2.5,2.5,2.5,2.166667,1.833333
Sudan,SDN,IDA resource allocation index (1=low to 6=high),IQ.CPA.IRAI.XQ,2.31666666666667,2.35833333333333,2.425,2.46666666666667,2.38333333333333,2.275,2.23333333333333,2.266667,2.2,2,1.816667
Suriname,SUR,CPIA economic management cluster average (1=low to 6=high),IQ.CPA.ECON.XQ,..,..,..,..,..,..,..,..,..,..,3
Suriname,SUR,CPIA policies for social inclusion/equity cluster average (1=low to 6=high),IQ.CPA.SOCI.XQ,..,..,..,..,..,..,..,..,..,..,3
Suriname,SUR,CPIA public sector management and institutions cluster average (1=low to 6=high),IQ.CPA.PUBS.XQ,..,..,..,..,..,..,..,..,..,..,2.5
Suriname,SUR,CPIA structural policies cluster average (1=low to 6=high),IQ.CPA.STRC.XQ,..,..,..,..,..,..,..,..,..,..,2.666667
Suriname,SUR,IDA resource allocation index (1=low to 6=high),IQ.CPA.IRAI.XQ,..,..,..,..,..,..,..,..,..,..,2.791667
Tajikistan,TJK,CPIA economic management cluster average (1=low to 6=high),IQ.CPA.ECON.XQ,3.83333333333333,3.83333333333333,3.33333,3,3,3.16666666666667,3.33333333333333,3.333333,3.333333,3.333333,3.333333
Tajikistan,TJK,CPIA policies for social inclusion/equity cluster average (1=low to 6=high),IQ.CPA.SOCI.XQ,3.5,3.4,3.4,3.4,3.4,3.4,3.5,3.4,3.4,3.5,3.5
Tajikistan,TJK,CPIA public sector management and institutions cluster average (1=low to 6=high),IQ.CPA.PUBS.XQ,3,3,2.9,2.8,2.9,2.8,2.8,2.9,3,3.1,3.1
Tajikistan,TJK,CPIA structural policies cluster average (1=low to 6=high),IQ.CPA.STRC.XQ,3.16666666666667,3,2.83333,2.66667,2.83333333333333,2.83333333333333,2.83333333333333,2.833333,2.833333,2.833333,2.833333
Tajikistan,TJK,IDA resource allocation index (1=low to 6=high),IQ.CPA.IRAI.XQ,3.375,3.30833333333333,3.11667,2.96667,3.03333333333333,3.05,3.11666666666667,3.116667,3.141667,3.191667,3.191667
Tanzania,TZA,CPIA economic management cluster average (1=low to 6=high),IQ.CPA.ECON.XQ,4.16666666666667,4,4,4,4,4,4,4,4.166667,4.166667,4.166667
Tanzania,TZA,CPIA policies for social inclusion/equity cluster average (1=low to 6=high),IQ.CPA.SOCI.XQ,3.7,3.8,3.7,3.7,3.7,3.6,3.6,3.6,3.6,3.6,3.7
Tanzania,TZA,CPIA public sector management and institutions cluster average (1=low to 6=high),IQ.CPA.PUBS.XQ,3.3,3.4,3.3,3.4,3.4,3,3,3,3,3.1,3.2
Tanzania,TZA,CPIA structural policies cluster average (1=low to 6=high),IQ.CPA.STRC.XQ,3.83333333333333,3.83333333333333,3.66667,3.66666666666667,3.5,3.33333333333333,3.33333333333333,3.333333,3.166667,3.166667,3.166667
Tanzania,TZA,IDA resource allocation index (1=low to 6=high),IQ.CPA.IRAI.XQ,3.75,3.75833333333333,3.66667,3.69166666666667,3.65,3.48333333333333,3.48333333333333,3.483333,3.483333,3.508333,3.558333
Timor-Leste,TLS,CPIA economic management cluster average (1=low to 6=high),IQ.CPA.ECON.XQ,3.83333333333333,3.83333333333333,3.66667,3.5,3.16666666666667,3,3,3,3,2.833333,2.833333
Timor-Leste,TLS,CPIA policies for social inclusion/equity cluster average (1=low to 6=high),IQ.CPA.SOCI.XQ,2.9,2.9,2.9,2.9,2.9,2.9,2.9,2.9,2.9,2.9,2.9
Timor-Leste,TLS,CPIA public sector management and institutions cluster average (1=low to 6=high),IQ.CPA.PUBS.XQ,2.5,2.5,2.5,2.5,2.5,2.5,2.6,2.6,2.6,2.6,2.6
Timor-Leste,TLS,CPIA structural policies cluster average (1=low to 6=high),IQ.CPA.STRC.XQ,2.83333333333333,3,3,3,2.83333333333333,2.83333333333333,2.83333333333333,2.833333,2.833333,2.833333,3
Timor-Leste,TLS,IDA resource allocation index (1=low to 6=high),IQ.CPA.IRAI.XQ,3.01666666666667,3.05833333333333,3.01667,2.975,2.85,2.80833333333333,2.83333333333333,2.833333,2.833333,2.791667,2.833333
Togo,TGO,CPIA economic management cluster average (1=low to 6=high),IQ.CPA.ECON.XQ,3,3,2.83333333333333,2.83333333333333,3.16666666666667,3.33333333333333,3.66666666666667,3.833333,3.833333,3.833333,3.833333
Togo,TGO,CPIA policies for social inclusion/equity cluster average (1=low to 6=high),IQ.CPA.SOCI.XQ,3,3.1,3.3,3.4,3.4,3.4,3.7,3.7,3.8,4,4
Togo,TGO,CPIA public sector management and institutions cluster average (1=low to 6=high),IQ.CPA.PUBS.XQ,2.7,2.6,2.6,2.7,2.8,2.9,3.2,3.2,3.2,3.4,3.4
Togo,TGO,CPIA structural policies cluster average (1=low to 6=high),IQ.CPA.STRC.XQ,3.16666666666667,3.16666666666667,3.16666666666667,3.16666666666667,3.16666666666667,3.33333333333333,3.33333333333333,3.333333,3.833333,3.833333,3.833333
Togo,TGO,IDA resource allocation index (1=low to 6=high),IQ.CPA.IRAI.XQ,2.96666666666667,2.96666666666667,2.975,3.025,3.13333333333333,3.24166666666667,3.475,3.516667,3.666667,3.766667,3.766667
Tonga,TON,CPIA economic management cluster average (1=low to 6=high),IQ.CPA.ECON.XQ,3.16666666666667,3.33333333333333,3.5,3.5,3.5,3.33333333333333,3.33333333333333,3.333333,3.333333,3.333333,3.333333
Tonga,TON,CPIA policies for social inclusion/equity cluster average (1=low to 6=high),IQ.CPA.SOCI.XQ,3.3,3.3,3.3,3.3,3.1,3.2,3.3,3.3,3.4,3.4,3.4
Tonga,TON,CPIA public sector management and institutions cluster average (1=low to 6=high),IQ.CPA.PUBS.XQ,3.7,3.7,3.7,3.7,3.7,3.7,3.6,3.6,3.5,3.6,3.7
Tonga,TON,CPIA structural policies cluster average (1=low to 6=high),IQ.CPA.STRC.XQ,3.66666666666667,3.5,3.5,3.66667,3.66666666666667,3.66666666666667,3.33333333333333,3.5,3.5,3.5,3.5
Tonga,TON,IDA resource allocation index (1=low to 6=high),IQ.CPA.IRAI.XQ,3.45833333333333,3.45833333333333,3.5,3.54167,3.49166666666667,3.475,3.39166666666667,3.433333,3.433333,3.458333,3.483333
Tuvalu,TUV,CPIA economic management cluster average (1=low to 6=high),IQ.CPA.ECON.XQ,2.5,2.5,2.5,2.5,2.66666666666667,2.66666666666667,2.66666666666667,2.666667,2.666667,2.666667,2.666667
Tuvalu,TUV,CPIA policies for social inclusion/equity cluster average (1=low to 6=high),IQ.CPA.SOCI.XQ,2.9,2.9,2.9,2.9,2.9,2.9,2.9,2.9,2.9,2.9,2.9
Tuvalu,TUV,CPIA public sector management and institutions cluster average (1=low to 6=high),IQ.CPA.PUBS.XQ,3,3,3.2,3.2,3.2,3.1,3,3.2,3.2,3.2,3.2
Tuvalu,TUV,CPIA structural policies cluster average (1=low to 6=high),IQ.CPA.STRC.XQ,2.66666666666667,2.66666666666667,2.83333,2.83333,2.83333333333333,2.83333333333333,2.66666666666667,2.666667,2.666667,2.666667,2.666667
Tuvalu,TUV,IDA resource allocation index (1=low to 6=high),IQ.CPA.IRAI.XQ,2.76666666666667,2.76666666666667,2.85833,2.85833,2.9,2.875,2.80833333333333,2.858333,2.858333,2.858333,2.858333
Uganda,UGA,CPIA economic management cluster average (1=low to 6=high),IQ.CPA.ECON.XQ,4.16666666666667,4.16666666666667,4.16667,4,4.16666666666667,4.16666666666667,4,3.833333,3.833333,3.833333,3.833333
Uganda,UGA,CPIA policies for social inclusion/equity cluster average (1=low to 6=high),IQ.CPA.SOCI.XQ,3.7,3.7,3.7,3.5,3.5,3.5,3.5,3.5,3.5,3.4,3.4
Uganda,UGA,CPIA public sector management and institutions cluster average (1=low to 6=high),IQ.CPA.PUBS.XQ,3,3,3.1,3,3,3.2,3.2,3.2,3.3,3.3,3.3
Uganda,UGA,CPIA structural policies cluster average (1=low to 6=high),IQ.CPA.STRC.XQ,4,4,4,4,3.83333333333333,3.83333333333333,3.66666666666667,3.666667,3.666667,3.666667,3.5
Uganda,UGA,IDA resource allocation index (1=low to 6=high),IQ.CPA.IRAI.XQ,3.71666666666667,3.71666666666667,3.74167,3.625,3.625,3.675,3.59166666666667,3.55,3.575,3.55,3.508333
Uzbekistan,UZB,CPIA economic management cluster average (1=low to 6=high),IQ.CPA.ECON.XQ,4,4,4,4.16667,4.16666666666667,4.16666666666667,4.16666666666667,4.166667,4.166667,4.166667,4.166667
Uzbekistan,UZB,CPIA policies for social inclusion/equity cluster average (1=low to 6=high),IQ.CPA.SOCI.XQ,3.8,3.8,3.7,3.7,3.7,3.7,3.9,3.9,4,4,4
Uzbekistan,UZB,CPIA public sector management and institutions cluster average (1=low to 6=high),IQ.CPA.PUBS.XQ,2.9,2.9,3.2,3.2,3.2,3.3,3.4,3.7,3.7,3.7,3.7
Uzbekistan,UZB,CPIA structural policies cluster average (1=low to 6=high),IQ.CPA.STRC.XQ,2.83333333333333,2.83333333333333,2.83333,2.83333,3.16666666666667,3.16666666666667,3.5,3.5,3.5,3.5,3.5
Uzbekistan,UZB,IDA resource allocation index (1=low to 6=high),IQ.CPA.IRAI.XQ,3.38333333333333,3.38333333333333,3.43333,3.475,3.55833333333333,3.58333333333333,3.74166666666667,3.816667,3.841667,3.841667,3.841667
Vanuatu,VUT,CPIA economic management cluster average (1=low to 6=high),IQ.CPA.ECON.XQ,3.83333333333333,3.83333333333333,3.66667,3.66667,3.66666666666667,3.66666666666667,3.83333333333333,3.833333,3.833333,3.666667,3.333333
Vanuatu,VUT,CPIA policies for social inclusion/equity cluster average (1=low to 6=high),IQ.CPA.SOCI.XQ,3.1,3.1,3.2,3.2,3.2,3.2,3.1,3.2,3.1,3.1,3.2
Vanuatu,VUT,CPIA public sector management and institutions cluster average (1=low to 6=high),IQ.CPA.PUBS.XQ,3.5,3.5,3.3,3.3,3.3,3.3,3.2,3.2,3.1,3.1,3.1
Vanuatu,VUT,CPIA structural policies cluster average (1=low to 6=high),IQ.CPA.STRC.XQ,3.33333333333333,3.33333333333333,3.33333,3.33333,3.33333333333333,3.33333333333333,3.33333333333333,3.333333,3.333333,3.333333,3.333333
Vanuatu,VUT,IDA resource allocation index (1=low to 6=high),IQ.CPA.IRAI.XQ,3.44166666666667,3.44166666666667,3.375,3.375,3.375,3.375,3.36666666666667,3.391667,3.341667,3.3,3.241667
Viet Nam,VNM,CPIA economic management cluster average (1=low to 6=high),IQ.CPA.ECON.XQ,4.16666666666667,4.16666666666667,3.66667,..,..,..,..,..,..,..,..
Viet Nam,VNM,CPIA policies for social inclusion/equity cluster average (1=low to 6=high),IQ.CPA.SOCI.XQ,4,4,4.1,..,..,..,..,..,..,..,..
Viet Nam,VNM,CPIA public sector management and institutions cluster average (1=low to 6=high),IQ.CPA.PUBS.XQ,3.5,3.5,3.5,..,..,..,..,..,..,..,..
Viet Nam,VNM,CPIA structural policies cluster average (1=low to 6=high),IQ.CPA.STRC.XQ,3.33333333333333,3.5,3.5,..,..,..,..,..,..,..,..
Viet Nam,VNM,IDA resource allocation index (1=low to 6=high),IQ.CPA.IRAI.XQ,3.75,3.79166666666667,3.69167,..,..,..,..,..,..,..,..
"Yemen, Rep.",YEM,CPIA economic management cluster average (1=low to 6=high),IQ.CPA.ECON.XQ,3.16666666666667,3.16666666666667,2.83333,2.33333,2,2,1.5,1.5,1.666667,1.666667,1.666667
"Yemen, Rep.",YEM,CPIA policies for social inclusion/equity cluster average (1=low to 6=high),IQ.CPA.SOCI.XQ,3,3,2.7,2.5,2.3,2.3,2.3,2.3,2.3,2.2,2.2
"Yemen, Rep.",YEM,CPIA public sector management and institutions cluster average (1=low to 6=high),IQ.CPA.PUBS.XQ,2.8,2.8,2.4,2.2,1.8,1.7,1.7,1.7,1.6,1.5,1.5
"Yemen, Rep.",YEM,CPIA structural policies cluster average (1=low to 6=high),IQ.CPA.STRC.XQ,3,3,2.5,2.5,2.33333333333333,2.16666666666667,2,2,2,2,2
"Yemen, Rep.",YEM,IDA resource allocation index (1=low to 6=high),IQ.CPA.IRAI.XQ,2.99166666666667,2.99166666666667,2.60833,2.38333,2.10833333333333,2.04166666666667,1.875,1.875,1.891667,1.841667,1.841667
Zambia,ZMB,CPIA economic management cluster average (1=low to 6=high),IQ.CPA.ECON.XQ,3.66666666666667,3.5,3,3,2.83333333333333,2.66666666666667,2.5,2.5,2.5,2.833333,3
Zambia,ZMB,CPIA policies for social inclusion/equity cluster average (1=low to 6=high),IQ.CPA.SOCI.XQ,3.3,3.3,3.3,3.3,3.3,3.4,3.1,3.2,3.4,3.4,3.4
Zambia,ZMB,CPIA public sector management and institutions cluster average (1=low to 6=high),IQ.CPA.PUBS.XQ,3.2,3.2,3.2,3.2,3.2,3.1,3,2.9,2.9,2.9,2.9
Zambia,ZMB,CPIA structural policies cluster average (1=low to 6=high),IQ.CPA.STRC.XQ,3.66666666666667,3.66666666666667,3.66667,3.66666666666667,3.83333333333333,3.83333333333333,3.83333333333333,3.833333,3.833333,3.833333,3.833333
Zambia,ZMB,IDA resource allocation index (1=low to 6=high),IQ.CPA.IRAI.XQ,3.45833333333333,3.41666666666667,3.29167,3.29166666666667,3.29166666666667,3.25,3.10833333333333,3.108333,3.158333,3.241667,3.283333
Zimbabwe,ZWE,CPIA economic management cluster average (1=low to 6=high),IQ.CPA.ECON.XQ,2,2,2.66666666666667,2.33333333333333,2.33333333333333,2.16666666666667,2.5,2.666667,2.5,2.5,2.5
Zimbabwe,ZWE,CPIA policies for social inclusion/equity cluster average (1=low to 6=high),IQ.CPA.SOCI.XQ,2.4,2.5,3.3,3.4,3.5,3.7,3.7,3.7,3.7,3.7,3.7
Zimbabwe,ZWE,CPIA public sector management and institutions cluster average (1=low to 6=high),IQ.CPA.PUBS.XQ,2.2,2.2,2.8,2.8,2.8,2.8,2.9,2.9,2.9,2.9,2.9
Zimbabwe,ZWE,CPIA structural policies cluster average (1=low to 6=high),IQ.CPA.STRC.XQ,2.33333333333333,2.33333333333333,2.66666666666667,2.33333333333333,2.5,2.5,2.83333333333333,2.833333,2.833333,2.833333,2.833333
Zimbabwe,ZWE,IDA resource allocation index (1=low to 6=high),IQ.CPA.IRAI.XQ,2.23333333333333,2.25833333333333,2.85833333333333,2.71666666666667,2.78333333333333,2.79166666666667,2.98333333333333,3.025,2.983333,2.983333,2.983333
,,,,,,,,,,,,,,
,,,,,,,,,,,,,,
,,,,,,,,,,,,,,
Data from database: Country Policy and Institutional Assessment,,,,,,,,,,,,,,
Last Updated: 07/12/2025,,,,,,,,,,,,,,
